time,sat_id,x,y,z
0.1,0,-2.29969e+06,6.31799e+06,3.47003e+06
0.1,1,-3.41727e+06,6.29663e+06,2.43793e+06
0.1,2,-4.39688e+06,6.02082e+06,1.3072e+06
0.1,3,-2.995e+06,6.1415e+06,3.25014e+06
0.1,4,-4.07735e+06,5.98693e+06,2.1922e+06
0.1,5,-4.99505e+06,5.59043e+06,1.04558e+06
0.1,6,-3.06998e+06,5.93989e+06,3.54092e+06
0.1,7,-4.70068e+06,5.60456e+06,1.94202e+06
0.1,8,-3.97938e+06,5.63562e+06,3.10786e+06
0.1,9,-5.46019e+06,5.03985e+06,1.44055e+06
1.1,0,-2.30481e+06,6.31867e+06,3.46542e+06
1.1,1,-3.42183e+06,6.29616e+06,2.43274e+06
1.1,2,-4.40071e+06,6.01923e+06,1.30165e+06
1.1,3,-3.00003e+06,6.14157e+06,3.24537e+06
1.1,4,-4.0817e+06,5.9859e+06,2.1869e+06
1.1,5,-4.99856e+06,5.58835e+06,1.03997e+06
1.1,6,-3.07519e+06,5.93992e+06,3.53635e+06
1.1,7,-4.70476e+06,5.60301e+06,1.93664e+06
1.1,8,-3.98427e+06,5.63485e+06,3.10301e+06
1.1,9,-5.46373e+06,5.0376e+06,1.43503e+06
2.1,0,-2.30993e+06,6.31934e+06,3.46079e+06
2.1,1,-3.4264e+06,6.29569e+06,2.42754e+06
2.1,2,-4.40453e+06,6.01764e+06,1.29609e+06
2.1,3,-3.00506e+06,6.14164e+06,3.24061e+06
2.1,4,-4.08606e+06,5.98487e+06,2.18161e+06
2.1,5,-5.00206e+06,5.58627e+06,1.03437e+06
2.1,6,-3.0804e+06,5.93995e+06,3.53178e+06
2.1,7,-4.70884e+06,5.60145e+06,1.93126e+06
2.1,8,-3.98915e+06,5.63407e+06,3.09816e+06
2.1,9,-5.46726e+06,5.03536e+06,1.42951e+06
3.1,0,-2.31504e+06,6.32e+06,3.45617e+06
3.1,1,-3.43096e+06,6.29522e+06,2.42235e+06
3.1,2,-4.40836e+06,6.01605e+06,1.29053e+06
3.1,3,-3.01009e+06,6.1417e+06,3.23584e+06
3.1,4,-4.09041e+06,5.98384e+06,2.17632e+06
3.1,5,-5.00556e+06,5.58418e+06,1.02876e+06
3.1,6,-3.0856e+06,5.93998e+06,3.5272e+06
3.1,7,-4.71291e+06,5.59989e+06,1.92587e+06
3.1,8,-3.99404e+06,5.63329e+06,3.0933e+06
3.1,9,-5.47078e+06,5.0331e+06,1.42398e+06
4.1,0,-2.32016e+06,6.32067e+06,3.45154e+06
4.1,1,-3.43552e+06,6.29474e+06,2.41715e+06
4.1,2,-4.41218e+06,6.01445e+06,1.28498e+06
4.1,3,-3.01511e+06,6.14176e+06,3.23107e+06
4.1,4,-4.09475e+06,5.9828e+06,2.17102e+06
4.1,5,-5.00905e+06,5.58209e+06,1.02315e+06
4.1,6,-3.0908e+06,5.94e+06,3.52262e+06
4.1,7,-4.71698e+06,5.59832e+06,1.92049e+06
4.1,8,-3.99891e+06,5.63251e+06,3.08844e+06
4.1,9,-5.4743e+06,5.03085e+06,1.41845e+06
5.1,0,-2.32527e+06,6.32132e+06,3.44691e+06
5.1,1,-3.44007e+06,6.29426e+06,2.41195e+06
5.1,2,-4.41599e+06,6.01284e+06,1.27942e+06
5.1,3,-3.02013e+06,6.14181e+06,3.22629e+06
5.1,4,-4.0991e+06,5.98176e+06,2.16572e+06
5.1,5,-5.01254e+06,5.57999e+06,1.01754e+06
5.1,6,-3.096e+06,5.94002e+06,3.51804e+06
5.1,7,-4.72105e+06,5.59675e+06,1.9151e+06
5.1,8,-4.00379e+06,5.63172e+06,3.08358e+06
5.1,9,-5.47782e+06,5.02859e+06,1.41292e+06
6.1,0,-2.33038e+06,6.32197e+06,3.44228e+06
6.1,1,-3.44462e+06,6.29377e+06,2.40675e+06
6.1,2,-4.4198e+06,6.01123e+06,1.27386e+06
6.1,3,-3.02515e+06,6.14186e+06,3.22151e+06
6.1,4,-4.10343e+06,5.98071e+06,2.16042e+06
6.1,5,-5.01603e+06,5.57789e+06,1.01193e+06
6.1,6,-3.10119e+06,5.94003e+06,3.51346e+06
6.1,7,-4.72511e+06,5.59517e+06,1.90971e+06
6.1,8,-4.00866e+06,5.63093e+06,3.07872e+06
6.1,9,-5.48133e+06,5.02632e+06,1.40739e+06
7.1,0,-2.33548e+06,6.32262e+06,3.43764e+06
7.1,1,-3.44917e+06,6.29327e+06,2.40154e+06
7.1,2,-4.42361e+06,6.00961e+06,1.2683e+06
7.1,3,-3.03016e+06,6.1419e+06,3.21673e+06
7.1,4,-4.10777e+06,5.97965e+06,2.15512e+06
7.1,5,-5.01951e+06,5.57578e+06,1.00632e+06
7.1,6,-3.10638e+06,5.94004e+06,3.50887e+06
7.1,7,-4.72917e+06,5.59359e+06,1.90432e+06
7.1,8,-4.01352e+06,5.63013e+06,3.07385e+06
7.1,9,-5.48483e+06,5.02406e+06,1.40186e+06
8.1,0,-2.34059e+06,6.32326e+06,3.433e+06
8.1,1,-3.45372e+06,6.29277e+06,2.39634e+06
8.1,2,-4.42741e+06,6.00799e+06,1.26273e+06
8.1,3,-3.03517e+06,6.14194e+06,3.21195e+06
8.1,4,-4.1121e+06,5.9786e+06,2.14981e+06
8.1,5,-5.02298e+06,5.57367e+06,1.00071e+06
8.1,6,-3.11157e+06,5.94004e+06,3.50428e+06
8.1,7,-4.73322e+06,5.592e+06,1.89893e+06
8.1,8,-4.01839e+06,5.62932e+06,3.06898e+06
8.1,9,-5.48833e+06,5.02178e+06,1.39633e+06
9.1,0,-2.34569e+06,6.3239e+06,3.42836e+06
9.1,1,-3.45826e+06,6.29227e+06,2.39113e+06
9.1,2,-4.43121e+06,6.00637e+06,1.25717e+06
9.1,3,-3.04018e+06,6.14197e+06,3.20716e+06
9.1,4,-4.11643e+06,5.97753e+06,2.1445e+06
9.1,5,-5.02646e+06,5.57155e+06,995098
9.1,6,-3.11676e+06,5.94004e+06,3.49968e+06
9.1,7,-4.73727e+06,5.59041e+06,1.89353e+06
9.1,8,-4.02325e+06,5.62852e+06,3.06411e+06
9.1,9,-5.49183e+06,5.01951e+06,1.39079e+06
10.1,0,-2.35079e+06,6.32453e+06,3.42371e+06
10.1,1,-3.4628e+06,6.29176e+06,2.38592e+06
10.1,2,-4.43501e+06,6.00474e+06,1.25161e+06
10.1,3,-3.04519e+06,6.142e+06,3.20237e+06
10.1,4,-4.12075e+06,5.97646e+06,2.13919e+06
10.1,5,-5.02992e+06,5.56943e+06,989484
10.1,6,-3.12194e+06,5.94003e+06,3.49509e+06
10.1,7,-4.74132e+06,5.58882e+06,1.88814e+06
10.1,8,-4.0281e+06,5.62771e+06,3.05923e+06
10.1,9,-5.49532e+06,5.01723e+06,1.38526e+06
11.1,0,-2.35589e+06,6.32516e+06,3.41906e+06
11.1,1,-3.46734e+06,6.29124e+06,2.3807e+06
11.1,2,-4.4388e+06,6.0031e+06,1.24604e+06
11.1,3,-3.05019e+06,6.14202e+06,3.19758e+06
11.1,4,-4.12507e+06,5.97539e+06,2.13388e+06
11.1,5,-5.03339e+06,5.5673e+06,983870
11.1,6,-3.12712e+06,5.94002e+06,3.49049e+06
11.1,7,-4.74536e+06,5.58722e+06,1.88274e+06
11.1,8,-4.03295e+06,5.62689e+06,3.05435e+06
11.1,9,-5.49881e+06,5.01494e+06,1.37972e+06
12.1,0,-2.36098e+06,6.32578e+06,3.41441e+06
12.1,1,-3.47187e+06,6.29072e+06,2.37549e+06
12.1,2,-4.44259e+06,6.00146e+06,1.24047e+06
12.1,3,-3.05519e+06,6.14204e+06,3.19278e+06
12.1,4,-4.12939e+06,5.97431e+06,2.12857e+06
12.1,5,-5.03685e+06,5.56517e+06,978255
12.1,6,-3.1323e+06,5.94001e+06,3.48588e+06
12.1,7,-4.74939e+06,5.58561e+06,1.87734e+06
12.1,8,-4.0378e+06,5.62607e+06,3.04947e+06
12.1,9,-5.50229e+06,5.01265e+06,1.37418e+06
13.1,0,-2.36608e+06,6.3264e+06,3.40975e+06
13.1,1,-3.4764e+06,6.2902e+06,2.37027e+06
13.1,2,-4.44637e+06,5.99982e+06,1.2349e+06
13.1,3,-3.06019e+06,6.14205e+06,3.18798e+06
13.1,4,-4.13371e+06,5.97323e+06,2.12325e+06
13.1,5,-5.0403e+06,5.56304e+06,972639
13.1,6,-3.13747e+06,5.93999e+06,3.48128e+06
13.1,7,-4.75343e+06,5.58401e+06,1.87194e+06
13.1,8,-4.04265e+06,5.62524e+06,3.04459e+06
13.1,9,-5.50577e+06,5.01036e+06,1.36864e+06
14.1,0,-2.37117e+06,6.32701e+06,3.40509e+06
14.1,1,-3.48093e+06,6.28967e+06,2.36505e+06
14.1,2,-4.45015e+06,5.99816e+06,1.22933e+06
14.1,3,-3.06519e+06,6.14206e+06,3.18318e+06
14.1,4,-4.13802e+06,5.97214e+06,2.11794e+06
14.1,5,-5.04375e+06,5.5609e+06,967022
14.1,6,-3.14264e+06,5.93996e+06,3.47666e+06
14.1,7,-4.75746e+06,5.58239e+06,1.86653e+06
14.1,8,-4.04749e+06,5.62442e+06,3.0397e+06
14.1,9,-5.50924e+06,5.00806e+06,1.3631e+06
15.1,0,-2.37626e+06,6.32761e+06,3.40043e+06
15.1,1,-3.48545e+06,6.28913e+06,2.35983e+06
15.1,2,-4.45393e+06,5.99651e+06,1.22376e+06
15.1,3,-3.07018e+06,6.14206e+06,3.17837e+06
15.1,4,-4.14232e+06,5.97105e+06,2.11262e+06
15.1,5,-5.0472e+06,5.55876e+06,961404
15.1,6,-3.14781e+06,5.93993e+06,3.47205e+06
15.1,7,-4.76148e+06,5.58078e+06,1.86113e+06
15.1,8,-4.05233e+06,5.62358e+06,3.03481e+06
15.1,9,-5.51271e+06,5.00576e+06,1.35756e+06
16.1,0,-2.38134e+06,6.32822e+06,3.39576e+06
16.1,1,-3.48997e+06,6.28859e+06,2.3546e+06
16.1,2,-4.4577e+06,5.99485e+06,1.21819e+06
16.1,3,-3.07517e+06,6.14206e+06,3.17357e+06
16.1,4,-4.14662e+06,5.96995e+06,2.1073e+06
16.1,5,-5.05064e+06,5.55661e+06,955785
16.1,6,-3.15298e+06,5.9399e+06,3.46743e+06
16.1,7,-4.7655e+06,5.57915e+06,1.85572e+06
16.1,8,-4.05716e+06,5.62274e+06,3.02992e+06
16.1,9,-5.51617e+06,5.00346e+06,1.35202e+06
17.1,0,-2.38643e+06,6.32881e+06,3.39109e+06
17.1,1,-3.49449e+06,6.28804e+06,2.34938e+06
17.1,2,-4.46147e+06,5.99318e+06,1.21262e+06
17.1,3,-3.08015e+06,6.14206e+06,3.16875e+06
17.1,4,-4.15092e+06,5.96885e+06,2.10197e+06
17.1,5,-5.05408e+06,5.55446e+06,950165
17.1,6,-3.15814e+06,5.93986e+06,3.46281e+06
17.1,7,-4.76952e+06,5.57753e+06,1.85031e+06
17.1,8,-4.06199e+06,5.6219e+06,3.02502e+06
17.1,9,-5.51963e+06,5.00115e+06,1.34647e+06
18.1,0,-2.39151e+06,6.3294e+06,3.38642e+06
18.1,1,-3.49901e+06,6.28749e+06,2.34415e+06
18.1,2,-4.46524e+06,5.99151e+06,1.20705e+06
18.1,3,-3.08514e+06,6.14205e+06,3.16394e+06
18.1,4,-4.15522e+06,5.96774e+06,2.09665e+06
18.1,5,-5.05751e+06,5.5523e+06,944544
18.1,6,-3.1633e+06,5.93981e+06,3.45819e+06
18.1,7,-4.77353e+06,5.5759e+06,1.8449e+06
18.1,8,-4.06682e+06,5.62105e+06,3.02012e+06
18.1,9,-5.52309e+06,4.99884e+06,1.34093e+06
19.1,0,-2.39659e+06,6.32999e+06,3.38175e+06
19.1,1,-3.50352e+06,6.28694e+06,2.33892e+06
19.1,2,-4.469e+06,5.98984e+06,1.20147e+06
19.1,3,-3.09012e+06,6.14203e+06,3.15912e+06
19.1,4,-4.15951e+06,5.96663e+06,2.09132e+06
19.1,5,-5.06094e+06,5.55014e+06,938923
19.1,6,-3.16846e+06,5.93977e+06,3.45356e+06
19.1,7,-4.77754e+06,5.57426e+06,1.83949e+06
19.1,8,-4.07164e+06,5.6202e+06,3.01522e+06
19.1,9,-5.52654e+06,4.99652e+06,1.33538e+06
20.1,0,-2.40166e+06,6.33057e+06,3.37707e+06
20.1,1,-3.50803e+06,6.28638e+06,2.33368e+06
20.1,2,-4.47276e+06,5.98816e+06,1.19589e+06
20.1,3,-3.0951e+06,6.14201e+06,3.1543e+06
20.1,4,-4.1638e+06,5.96552e+06,2.08599e+06
20.1,5,-5.06437e+06,5.54797e+06,933301
20.1,6,-3.17361e+06,5.93971e+06,3.44894e+06
20.1,7,-4.78155e+06,5.57262e+06,1.83408e+06
20.1,8,-4.07646e+06,5.61935e+06,3.01032e+06
20.1,9,-5.52998e+06,4.9942e+06,1.32983e+06
21.1,0,-2.40674e+06,6.33115e+06,3.37239e+06
21.1,1,-3.51253e+06,6.28581e+06,2.32845e+06
21.1,2,-4.47651e+06,5.98647e+06,1.19032e+06
21.1,3,-3.10007e+06,6.14198e+06,3.14948e+06
21.1,4,-4.16808e+06,5.9644e+06,2.08066e+06
21.1,5,-5.06779e+06,5.5458e+06,927678
21.1,6,-3.17876e+06,5.93966e+06,3.4443e+06
21.1,7,-4.78555e+06,5.57098e+06,1.82866e+06
21.1,8,-4.08128e+06,5.61849e+06,3.00541e+06
21.1,9,-5.53342e+06,4.99187e+06,1.32428e+06
22.1,0,-2.41181e+06,6.33172e+06,3.3677e+06
22.1,1,-3.51704e+06,6.28524e+06,2.32321e+06
22.1,2,-4.48026e+06,5.98478e+06,1.18474e+06
22.1,3,-3.10504e+06,6.14195e+06,3.14466e+06
22.1,4,-4.17236e+06,5.96327e+06,2.07533e+06
22.1,5,-5.07121e+06,5.54362e+06,922053
22.1,6,-3.18391e+06,5.93959e+06,3.43967e+06
22.1,7,-4.78954e+06,5.56933e+06,1.82324e+06
22.1,8,-4.08609e+06,5.61762e+06,3.0005e+06
22.1,9,-5.53686e+06,4.98954e+06,1.31873e+06
23.1,0,-2.41688e+06,6.33228e+06,3.36301e+06
23.1,1,-3.52153e+06,6.28466e+06,2.31797e+06
23.1,2,-4.48401e+06,5.98309e+06,1.17916e+06
23.1,3,-3.11001e+06,6.14192e+06,3.13983e+06
23.1,4,-4.17664e+06,5.96214e+06,2.07e+06
23.1,5,-5.07462e+06,5.54144e+06,916429
23.1,6,-3.18905e+06,5.93953e+06,3.43503e+06
23.1,7,-4.79353e+06,5.56767e+06,1.81782e+06
23.1,8,-4.0909e+06,5.61675e+06,2.99559e+06
23.1,9,-5.54029e+06,4.98721e+06,1.31318e+06
24.1,0,-2.42195e+06,6.33284e+06,3.35832e+06
24.1,1,-3.52603e+06,6.28408e+06,2.31273e+06
24.1,2,-4.48775e+06,5.98139e+06,1.17358e+06
24.1,3,-3.11498e+06,6.14188e+06,3.135e+06
24.1,4,-4.18091e+06,5.961e+06,2.06466e+06
24.1,5,-5.07803e+06,5.53926e+06,910803
24.1,6,-3.1942e+06,5.93945e+06,3.43039e+06
24.1,7,-4.79752e+06,5.56601e+06,1.8124e+06
24.1,8,-4.09571e+06,5.61588e+06,2.99068e+06
24.1,9,-5.54371e+06,4.98487e+06,1.30763e+06
25.1,0,-2.42702e+06,6.3334e+06,3.35363e+06
25.1,1,-3.53052e+06,6.2835e+06,2.30749e+06
25.1,2,-4.49149e+06,5.97969e+06,1.168e+06
25.1,3,-3.11994e+06,6.14183e+06,3.13016e+06
25.1,4,-4.18518e+06,5.95986e+06,2.05932e+06
25.1,5,-5.08143e+06,5.53707e+06,905176
25.1,6,-3.19934e+06,5.93938e+06,3.42574e+06
25.1,7,-4.80151e+06,5.56435e+06,1.80698e+06
25.1,8,-4.10051e+06,5.615e+06,2.98576e+06
25.1,9,-5.54713e+06,4.98253e+06,1.30207e+06
26.1,0,-2.43208e+06,6.33395e+06,3.34893e+06
26.1,1,-3.53501e+06,6.28291e+06,2.30224e+06
26.1,2,-4.49522e+06,5.97798e+06,1.16241e+06
26.1,3,-3.1249e+06,6.14178e+06,3.12533e+06
26.1,4,-4.18945e+06,5.95872e+06,2.05398e+06
26.1,5,-5.08483e+06,5.53487e+06,899549
26.1,6,-3.20447e+06,5.9393e+06,3.42109e+06
26.1,7,-4.80548e+06,5.56268e+06,1.80156e+06
26.1,8,-4.10531e+06,5.61412e+06,2.98084e+06
26.1,9,-5.55055e+06,4.98018e+06,1.29652e+06
27.1,0,-2.43714e+06,6.3345e+06,3.34423e+06
27.1,1,-3.5395e+06,6.28231e+06,2.29699e+06
27.1,2,-4.49895e+06,5.97626e+06,1.15683e+06
27.1,3,-3.12986e+06,6.14172e+06,3.12049e+06
27.1,4,-4.19371e+06,5.95757e+06,2.04864e+06
27.1,5,-5.08822e+06,5.53268e+06,893921
27.1,6,-3.20961e+06,5.93921e+06,3.41644e+06
27.1,7,-4.80946e+06,5.56101e+06,1.79613e+06
27.1,8,-4.1101e+06,5.61323e+06,2.97591e+06
27.1,9,-5.55396e+06,4.97783e+06,1.29096e+06
28.1,0,-2.4422e+06,6.33504e+06,3.33953e+06
28.1,1,-3.54398e+06,6.28171e+06,2.29174e+06
28.1,2,-4.50268e+06,5.97454e+06,1.15125e+06
28.1,3,-3.13482e+06,6.14166e+06,3.11564e+06
28.1,4,-4.19797e+06,5.95641e+06,2.0433e+06
28.1,5,-5.09161e+06,5.53047e+06,888292
28.1,6,-3.21474e+06,5.93912e+06,3.41178e+06
28.1,7,-4.81343e+06,5.55934e+06,1.79071e+06
28.1,8,-4.11489e+06,5.61234e+06,2.97099e+06
28.1,9,-5.55737e+06,4.97548e+06,1.2854e+06
29.1,0,-2.44726e+06,6.33557e+06,3.33482e+06
29.1,1,-3.54846e+06,6.2811e+06,2.28649e+06
29.1,2,-4.5064e+06,5.97282e+06,1.14566e+06
29.1,3,-3.13977e+06,6.1416e+06,3.1108e+06
29.1,4,-4.20223e+06,5.95525e+06,2.03795e+06
29.1,5,-5.095e+06,5.52827e+06,882662
29.1,6,-3.21987e+06,5.93902e+06,3.40713e+06
29.1,7,-4.8174e+06,5.55766e+06,1.78528e+06
29.1,8,-4.11968e+06,5.61144e+06,2.96606e+06
29.1,9,-5.56077e+06,4.97312e+06,1.27985e+06
30.1,0,-2.45231e+06,6.3361e+06,3.33012e+06
30.1,1,-3.55294e+06,6.28049e+06,2.28123e+06
30.1,2,-4.51012e+06,5.97109e+06,1.14007e+06
30.1,3,-3.14472e+06,6.14153e+06,3.10595e+06
30.1,4,-4.20648e+06,5.95409e+06,2.0326e+06
30.1,5,-5.09838e+06,5.52605e+06,877031
30.1,6,-3.22499e+06,5.93892e+06,3.40247e+06
30.1,7,-4.82136e+06,5.55597e+06,1.77985e+06
30.1,8,-4.12446e+06,5.61054e+06,2.96113e+06
30.1,9,-5.56417e+06,4.97076e+06,1.27429e+06
31.1,0,-2.45736e+06,6.33663e+06,3.3254e+06
31.1,1,-3.55741e+06,6.27987e+06,2.27598e+06
31.1,2,-4.51384e+06,5.96935e+06,1.13448e+06
31.1,3,-3.14967e+06,6.14145e+06,3.1011e+06
31.1,4,-4.21073e+06,5.95292e+06,2.02725e+06
31.1,5,-5.10176e+06,5.52384e+06,871400
31.1,6,-3.23011e+06,5.93882e+06,3.3978e+06
31.1,7,-4.82532e+06,5.55428e+06,1.77442e+06
31.1,8,-4.12925e+06,5.60964e+06,2.95619e+06
31.1,9,-5.56756e+06,4.9684e+06,1.26872e+06
32.1,0,-2.46241e+06,6.33715e+06,3.32069e+06
32.1,1,-3.56189e+06,6.27925e+06,2.27072e+06
32.1,2,-4.51755e+06,5.96762e+06,1.1289e+06
32.1,3,-3.15461e+06,6.14137e+06,3.09624e+06
32.1,4,-4.21497e+06,5.95174e+06,2.0219e+06
32.1,5,-5.10513e+06,5.52162e+06,865767
32.1,6,-3.23523e+06,5.93871e+06,3.39313e+06
32.1,7,-4.82927e+06,5.55259e+06,1.76898e+06
32.1,8,-4.13402e+06,5.60873e+06,2.95126e+06
32.1,9,-5.57095e+06,4.96603e+06,1.26316e+06
33.1,0,-2.46746e+06,6.33767e+06,3.31597e+06
33.1,1,-3.56635e+06,6.27862e+06,2.26546e+06
33.1,2,-4.52126e+06,5.96587e+06,1.12331e+06
33.1,3,-3.15955e+06,6.14129e+06,3.09139e+06
33.1,4,-4.21921e+06,5.95056e+06,2.01655e+06
33.1,5,-5.1085e+06,5.51939e+06,860134
33.1,6,-3.24035e+06,5.9386e+06,3.38846e+06
33.1,7,-4.83323e+06,5.55089e+06,1.76355e+06
33.1,8,-4.13879e+06,5.60781e+06,2.94632e+06
33.1,9,-5.57433e+06,4.96365e+06,1.2576e+06
34.1,0,-2.47251e+06,6.33818e+06,3.31125e+06
34.1,1,-3.57082e+06,6.27799e+06,2.2602e+06
34.1,2,-4.52496e+06,5.96412e+06,1.11771e+06
34.1,3,-3.16449e+06,6.1412e+06,3.08653e+06
34.1,4,-4.22345e+06,5.94938e+06,2.01119e+06
34.1,5,-5.11186e+06,5.51716e+06,854500
34.1,6,-3.24546e+06,5.93848e+06,3.38379e+06
34.1,7,-4.83717e+06,5.54918e+06,1.75811e+06
34.1,8,-4.14356e+06,5.6069e+06,2.94138e+06
34.1,9,-5.57771e+06,4.96127e+06,1.25203e+06
35.1,0,-2.47755e+06,6.33868e+06,3.30652e+06
35.1,1,-3.57528e+06,6.27735e+06,2.25493e+06
35.1,2,-4.52866e+06,5.96237e+06,1.11212e+06
35.1,3,-3.16942e+06,6.14111e+06,3.08167e+06
35.1,4,-4.22768e+06,5.94819e+06,2.00583e+06
35.1,5,-5.11522e+06,5.51492e+06,848866
35.1,6,-3.25057e+06,5.93835e+06,3.37911e+06
35.1,7,-4.84111e+06,5.54748e+06,1.75267e+06
35.1,8,-4.14833e+06,5.60597e+06,2.93643e+06
35.1,9,-5.58108e+06,4.95889e+06,1.24647e+06
36.1,0,-2.48259e+06,6.33918e+06,3.3018e+06
36.1,1,-3.57974e+06,6.27671e+06,2.24966e+06
36.1,2,-4.53235e+06,5.96061e+06,1.10653e+06
36.1,3,-3.17436e+06,6.14101e+06,3.0768e+06
36.1,4,-4.23191e+06,5.947e+06,2.00048e+06
36.1,5,-5.11858e+06,5.51268e+06,843230
36.1,6,-3.25568e+06,5.93823e+06,3.37443e+06
36.1,7,-4.84505e+06,5.54576e+06,1.74723e+06
36.1,8,-4.15309e+06,5.60505e+06,2.93148e+06
36.1,9,-5.58445e+06,4.9565e+06,1.2409e+06
37.1,0,-2.48763e+06,6.33968e+06,3.29707e+06
37.1,1,-3.58419e+06,6.27606e+06,2.2444e+06
37.1,2,-4.53605e+06,5.95885e+06,1.10094e+06
37.1,3,-3.17929e+06,6.1409e+06,3.07193e+06
37.1,4,-4.23614e+06,5.9458e+06,1.99512e+06
37.1,5,-5.12193e+06,5.51044e+06,837594
37.1,6,-3.26078e+06,5.93809e+06,3.36975e+06
37.1,7,-4.84899e+06,5.54405e+06,1.74179e+06
37.1,8,-4.15785e+06,5.60411e+06,2.92653e+06
37.1,9,-5.58782e+06,4.95411e+06,1.23533e+06
38.1,0,-2.49266e+06,6.34017e+06,3.29233e+06
38.1,1,-3.58864e+06,6.27541e+06,2.23912e+06
38.1,2,-4.53973e+06,5.95708e+06,1.09534e+06
38.1,3,-3.18421e+06,6.14079e+06,3.06706e+06
38.1,4,-4.24036e+06,5.94459e+06,1.98975e+06
38.1,5,-5.12528e+06,5.50819e+06,831957
38.1,6,-3.26588e+06,5.93796e+06,3.36506e+06
38.1,7,-4.85291e+06,5.54233e+06,1.73635e+06
38.1,8,-4.1626e+06,5.60318e+06,2.92158e+06
38.1,9,-5.59118e+06,4.95172e+06,1.22976e+06
39.1,0,-2.4977e+06,6.34065e+06,3.2876e+06
39.1,1,-3.59309e+06,6.27475e+06,2.23385e+06
39.1,2,-4.54342e+06,5.9553e+06,1.08974e+06
39.1,3,-3.18914e+06,6.14068e+06,3.06219e+06
39.1,4,-4.24458e+06,5.94339e+06,1.98439e+06
39.1,5,-5.12862e+06,5.50594e+06,826319
39.1,6,-3.27098e+06,5.93781e+06,3.36037e+06
39.1,7,-4.85684e+06,5.5406e+06,1.7309e+06
39.1,8,-4.16735e+06,5.60224e+06,2.91662e+06
39.1,9,-5.59453e+06,4.94932e+06,1.22419e+06
40.1,0,-2.50273e+06,6.34113e+06,3.28286e+06
40.1,1,-3.59754e+06,6.27409e+06,2.22858e+06
40.1,2,-4.5471e+06,5.95353e+06,1.08415e+06
40.1,3,-3.19406e+06,6.14056e+06,3.05731e+06
40.1,4,-4.24879e+06,5.94217e+06,1.97902e+06
40.1,5,-5.13196e+06,5.50368e+06,820681
40.1,6,-3.27608e+06,5.93767e+06,3.35568e+06
40.1,7,-4.86076e+06,5.53887e+06,1.72545e+06
40.1,8,-4.1721e+06,5.60129e+06,2.91167e+06
40.1,9,-5.59788e+06,4.94692e+06,1.21862e+06
41.1,0,-2.50776e+06,6.34161e+06,3.27811e+06
41.1,1,-3.60198e+06,6.27342e+06,2.2233e+06
41.1,2,-4.55077e+06,5.95174e+06,1.07855e+06
41.1,3,-3.19897e+06,6.14044e+06,3.05243e+06
41.1,4,-4.253e+06,5.94095e+06,1.97365e+06
41.1,5,-5.13529e+06,5.50142e+06,815041
41.1,6,-3.28117e+06,5.93751e+06,3.35099e+06
41.1,7,-4.86468e+06,5.53714e+06,1.72001e+06
41.1,8,-4.17685e+06,5.60034e+06,2.9067e+06
41.1,9,-5.60123e+06,4.94451e+06,1.21305e+06
42.1,0,-2.51278e+06,6.34208e+06,3.27337e+06
42.1,1,-3.60642e+06,6.27275e+06,2.21802e+06
42.1,2,-4.55445e+06,5.94995e+06,1.07295e+06
42.1,3,-3.20389e+06,6.14031e+06,3.04755e+06
42.1,4,-4.25721e+06,5.93973e+06,1.96828e+06
42.1,5,-5.13862e+06,5.49915e+06,809401
42.1,6,-3.28626e+06,5.93736e+06,3.34629e+06
42.1,7,-4.86859e+06,5.5354e+06,1.71456e+06
42.1,8,-4.18159e+06,5.59939e+06,2.90174e+06
42.1,9,-5.60457e+06,4.9421e+06,1.20747e+06
43.1,0,-2.51781e+06,6.34254e+06,3.26862e+06
43.1,1,-3.61086e+06,6.27207e+06,2.21274e+06
43.1,2,-4.55812e+06,5.94816e+06,1.06735e+06
43.1,3,-3.2088e+06,6.14017e+06,3.04266e+06
43.1,4,-4.26141e+06,5.9385e+06,1.96291e+06
43.1,5,-5.14195e+06,5.49688e+06,803760
43.1,6,-3.29135e+06,5.9372e+06,3.34159e+06
43.1,7,-4.8725e+06,5.53365e+06,1.70911e+06
43.1,8,-4.18632e+06,5.59843e+06,2.89677e+06
43.1,9,-5.6079e+06,4.93969e+06,1.2019e+06
44.1,0,-2.52283e+06,6.343e+06,3.26387e+06
44.1,1,-3.61529e+06,6.27139e+06,2.20746e+06
44.1,2,-4.56178e+06,5.94636e+06,1.06175e+06
44.1,3,-3.21371e+06,6.14003e+06,3.03777e+06
44.1,4,-4.26561e+06,5.93727e+06,1.95754e+06
44.1,5,-5.14527e+06,5.4946e+06,798119
44.1,6,-3.29643e+06,5.93703e+06,3.33688e+06
44.1,7,-4.8764e+06,5.53191e+06,1.70365e+06
44.1,8,-4.19105e+06,5.59747e+06,2.89181e+06
44.1,9,-5.61123e+06,4.93727e+06,1.19632e+06
45.1,0,-2.52785e+06,6.34346e+06,3.25911e+06
45.1,1,-3.61972e+06,6.2707e+06,2.20217e+06
45.1,2,-4.56544e+06,5.94456e+06,1.05615e+06
45.1,3,-3.21862e+06,6.13989e+06,3.03288e+06
45.1,4,-4.26981e+06,5.93603e+06,1.95216e+06
45.1,5,-5.14858e+06,5.49232e+06,792477
45.1,6,-3.30151e+06,5.93686e+06,3.33217e+06
45.1,7,-4.8803e+06,5.53015e+06,1.6982e+06
45.1,8,-4.19578e+06,5.5965e+06,2.88683e+06
45.1,9,-5.61456e+06,4.93485e+06,1.19075e+06
46.1,0,-2.53286e+06,6.34391e+06,3.25435e+06
46.1,1,-3.62414e+06,6.27001e+06,2.19688e+06
46.1,2,-4.5691e+06,5.94275e+06,1.05054e+06
46.1,3,-3.22352e+06,6.13974e+06,3.02799e+06
46.1,4,-4.274e+06,5.93479e+06,1.94679e+06
46.1,5,-5.1519e+06,5.49004e+06,786834
46.1,6,-3.30659e+06,5.93669e+06,3.32746e+06
46.1,7,-4.8842e+06,5.5284e+06,1.69274e+06
46.1,8,-4.20051e+06,5.59553e+06,2.88186e+06
46.1,9,-5.61788e+06,4.93242e+06,1.18517e+06
47.1,0,-2.53788e+06,6.34435e+06,3.24959e+06
47.1,1,-3.62857e+06,6.26931e+06,2.19159e+06
47.1,2,-4.57275e+06,5.94094e+06,1.04494e+06
47.1,3,-3.22842e+06,6.13959e+06,3.02309e+06
47.1,4,-4.27819e+06,5.93355e+06,1.94141e+06
47.1,5,-5.1552e+06,5.48775e+06,781190
47.1,6,-3.31166e+06,5.93651e+06,3.32275e+06
47.1,7,-4.88809e+06,5.52663e+06,1.68729e+06
47.1,8,-4.20523e+06,5.59456e+06,2.87688e+06
47.1,9,-5.6212e+06,4.92999e+06,1.17959e+06
48.1,0,-2.54289e+06,6.34479e+06,3.24483e+06
48.1,1,-3.63299e+06,6.26861e+06,2.1863e+06
48.1,2,-4.5764e+06,5.93912e+06,1.03933e+06
48.1,3,-3.23332e+06,6.13943e+06,3.01819e+06
48.1,4,-4.28237e+06,5.93229e+06,1.93603e+06
48.1,5,-5.15851e+06,5.48545e+06,775545
48.1,6,-3.31673e+06,5.93632e+06,3.31803e+06
48.1,7,-4.89198e+06,5.52487e+06,1.68183e+06
48.1,8,-4.20995e+06,5.59358e+06,2.8719e+06
48.1,9,-5.62451e+06,4.92756e+06,1.17401e+06
49.1,0,-2.5479e+06,6.34522e+06,3.24006e+06
49.1,1,-3.6374e+06,6.2679e+06,2.18101e+06
49.1,2,-4.58004e+06,5.9373e+06,1.03373e+06
49.1,3,-3.23821e+06,6.13927e+06,3.01329e+06
49.1,4,-4.28656e+06,5.93104e+06,1.93064e+06
49.1,5,-5.16181e+06,5.48316e+06,769900
49.1,6,-3.3218e+06,5.93613e+06,3.31331e+06
49.1,7,-4.89586e+06,5.5231e+06,1.67637e+06
49.1,8,-4.21466e+06,5.59259e+06,2.86692e+06
49.1,9,-5.62781e+06,4.92512e+06,1.16843e+06
50.1,0,-2.55291e+06,6.34565e+06,3.23529e+06
50.1,1,-3.64182e+06,6.26718e+06,2.17571e+06
50.1,2,-4.58369e+06,5.93547e+06,1.02812e+06
50.1,3,-3.2431e+06,6.1391e+06,3.00839e+06
50.1,4,-4.29073e+06,5.92978e+06,1.92526e+06
50.1,5,-5.1651e+06,5.48085e+06,764254
50.1,6,-3.32687e+06,5.93594e+06,3.30859e+06
50.1,7,-4.89974e+06,5.52132e+06,1.6709e+06
50.1,8,-4.21937e+06,5.5916e+06,2.86193e+06
50.1,9,-5.63112e+06,4.92268e+06,1.16284e+06
51.1,0,-2.55791e+06,6.34608e+06,3.23052e+06
51.1,1,-3.64623e+06,6.26646e+06,2.17042e+06
51.1,2,-4.58732e+06,5.93364e+06,1.02251e+06
51.1,3,-3.24799e+06,6.13893e+06,3.00348e+06
51.1,4,-4.29491e+06,5.92851e+06,1.91987e+06
51.1,5,-5.16839e+06,5.47854e+06,758608
51.1,6,-3.33193e+06,5.93574e+06,3.30386e+06
51.1,7,-4.90362e+06,5.51954e+06,1.66544e+06
51.1,8,-4.22408e+06,5.59061e+06,2.85695e+06
51.1,9,-5.63441e+06,4.92023e+06,1.15726e+06
52.1,0,-2.56291e+06,6.3465e+06,3.22575e+06
52.1,1,-3.65063e+06,6.26574e+06,2.16512e+06
52.1,2,-4.59096e+06,5.9318e+06,1.0169e+06
52.1,3,-3.25288e+06,6.13875e+06,2.99857e+06
52.1,4,-4.29908e+06,5.92724e+06,1.91449e+06
52.1,5,-5.17168e+06,5.47623e+06,752960
52.1,6,-3.33699e+06,5.93554e+06,3.29913e+06
52.1,7,-4.90749e+06,5.51776e+06,1.65997e+06
52.1,8,-4.22878e+06,5.58961e+06,2.85196e+06
52.1,9,-5.63771e+06,4.91778e+06,1.15168e+06
53.1,0,-2.56791e+06,6.34691e+06,3.22097e+06
53.1,1,-3.65504e+06,6.26501e+06,2.15981e+06
53.1,2,-4.59458e+06,5.92996e+06,1.01129e+06
53.1,3,-3.25776e+06,6.13857e+06,2.99365e+06
53.1,4,-4.30324e+06,5.92596e+06,1.9091e+06
53.1,5,-5.17496e+06,5.47392e+06,747312
53.1,6,-3.34205e+06,5.93533e+06,3.2944e+06
53.1,7,-4.91135e+06,5.51597e+06,1.65451e+06
53.1,8,-4.23348e+06,5.58861e+06,2.84696e+06
53.1,9,-5.64099e+06,4.91532e+06,1.14609e+06
54.1,0,-2.57291e+06,6.34732e+06,3.21618e+06
54.1,1,-3.65944e+06,6.26428e+06,2.15451e+06
54.1,2,-4.59821e+06,5.92811e+06,1.00568e+06
54.1,3,-3.26264e+06,6.13838e+06,2.98874e+06
54.1,4,-4.3074e+06,5.92468e+06,1.9037e+06
54.1,5,-5.17823e+06,5.47159e+06,741664
54.1,6,-3.3471e+06,5.93512e+06,3.28967e+06
54.1,7,-4.91522e+06,5.51418e+06,1.64904e+06
54.1,8,-4.23818e+06,5.5876e+06,2.84197e+06
54.1,9,-5.64428e+06,4.91286e+06,1.1405e+06
55.1,0,-2.57791e+06,6.34772e+06,3.2114e+06
55.1,1,-3.66383e+06,6.26354e+06,2.14921e+06
55.1,2,-4.60183e+06,5.92626e+06,1.00007e+06
55.1,3,-3.26752e+06,6.13819e+06,2.98382e+06
55.1,4,-4.31156e+06,5.9234e+06,1.89831e+06
55.1,5,-5.18151e+06,5.46927e+06,736014
55.1,6,-3.35215e+06,5.9349e+06,3.28493e+06
55.1,7,-4.91907e+06,5.51238e+06,1.64357e+06
55.1,8,-4.24287e+06,5.58659e+06,2.83697e+06
55.1,9,-5.64756e+06,4.9104e+06,1.13491e+06
56.1,0,-2.5829e+06,6.34812e+06,3.20661e+06
56.1,1,-3.66823e+06,6.26279e+06,2.1439e+06
56.1,2,-4.60545e+06,5.9244e+06,994458
56.1,3,-3.27239e+06,6.13799e+06,2.9789e+06
56.1,4,-4.31572e+06,5.92211e+06,1.89292e+06
56.1,5,-5.18477e+06,5.46694e+06,730364
56.1,6,-3.3572e+06,5.93468e+06,3.28019e+06
56.1,7,-4.92293e+06,5.51058e+06,1.6381e+06
56.1,8,-4.24756e+06,5.58557e+06,2.83197e+06
56.1,9,-5.65083e+06,4.90794e+06,1.12933e+06
57.1,0,-2.58789e+06,6.34852e+06,3.20182e+06
57.1,1,-3.67262e+06,6.26205e+06,2.13859e+06
57.1,2,-4.60906e+06,5.92254e+06,988845
57.1,3,-3.27726e+06,6.13779e+06,2.97397e+06
57.1,4,-4.31987e+06,5.92081e+06,1.88752e+06
57.1,5,-5.18804e+06,5.4646e+06,724714
57.1,6,-3.36224e+06,5.93445e+06,3.27544e+06
57.1,7,-4.92678e+06,5.50877e+06,1.63263e+06
57.1,8,-4.25224e+06,5.58455e+06,2.82697e+06
57.1,9,-5.6541e+06,4.90546e+06,1.12374e+06
58.1,0,-2.59288e+06,6.34891e+06,3.19703e+06
58.1,1,-3.67701e+06,6.26129e+06,2.13328e+06
58.1,2,-4.61267e+06,5.92068e+06,983230
58.1,3,-3.28213e+06,6.13758e+06,2.96905e+06
58.1,4,-4.32402e+06,5.91951e+06,1.88212e+06
58.1,5,-5.1913e+06,5.46226e+06,719062
58.1,6,-3.36728e+06,5.93422e+06,3.27069e+06
58.1,7,-4.93062e+06,5.50696e+06,1.62715e+06
58.1,8,-4.25692e+06,5.58353e+06,2.82196e+06
58.1,9,-5.65736e+06,4.90299e+06,1.11814e+06
59.1,0,-2.59786e+06,6.34929e+06,3.19223e+06
59.1,1,-3.68139e+06,6.26053e+06,2.12796e+06
59.1,2,-4.61628e+06,5.9188e+06,977615
59.1,3,-3.28699e+06,6.13737e+06,2.96412e+06
59.1,4,-4.32816e+06,5.91821e+06,1.87672e+06
59.1,5,-5.19455e+06,5.45992e+06,713410
59.1,6,-3.37232e+06,5.93398e+06,3.26594e+06
59.1,7,-4.93446e+06,5.50514e+06,1.62167e+06
59.1,8,-4.2616e+06,5.5825e+06,2.81695e+06
59.1,9,-5.66062e+06,4.90051e+06,1.11255e+06
60.1,0,-2.60285e+06,6.34967e+06,3.18743e+06
60.1,1,-3.68577e+06,6.25977e+06,2.12265e+06
60.1,2,-4.61988e+06,5.91693e+06,971998
60.1,3,-3.29186e+06,6.13715e+06,2.95919e+06
60.1,4,-4.3323e+06,5.9169e+06,1.87132e+06
60.1,5,-5.1978e+06,5.45757e+06,707758
60.1,6,-3.37736e+06,5.93374e+06,3.26119e+06
60.1,7,-4.9383e+06,5.50332e+06,1.6162e+06
60.1,8,-4.26627e+06,5.58147e+06,2.81194e+06
60.1,9,-5.66387e+06,4.89803e+06,1.10696e+06
61.1,0,-2.60783e+06,6.35004e+06,3.18263e+06
61.1,1,-3.69015e+06,6.259e+06,2.11733e+06
61.1,2,-4.62348e+06,5.91505e+06,966381
61.1,3,-3.29671e+06,6.13693e+06,2.95425e+06
61.1,4,-4.33644e+06,5.91558e+06,1.86592e+06
61.1,5,-5.20105e+06,5.45522e+06,702104
61.1,6,-3.38239e+06,5.9335e+06,3.25643e+06
61.1,7,-4.94213e+06,5.5015e+06,1.61072e+06
61.1,8,-4.27094e+06,5.58043e+06,2.80693e+06
61.1,9,-5.66712e+06,4.89554e+06,1.10137e+06
62.1,0,-2.6128e+06,6.35041e+06,3.17783e+06
62.1,1,-3.69452e+06,6.25822e+06,2.11201e+06
62.1,2,-4.62707e+06,5.91316e+06,960763
62.1,3,-3.30157e+06,6.1367e+06,2.94931e+06
62.1,4,-4.34057e+06,5.91427e+06,1.86051e+06
62.1,5,-5.20429e+06,5.45286e+06,696450
62.1,6,-3.38742e+06,5.93325e+06,3.25167e+06
62.1,7,-4.94596e+06,5.49967e+06,1.60524e+06
62.1,8,-4.2756e+06,5.57939e+06,2.80191e+06
62.1,9,-5.67037e+06,4.89305e+06,1.09577e+06
63.1,0,-2.61778e+06,6.35077e+06,3.17302e+06
63.1,1,-3.69889e+06,6.25744e+06,2.10669e+06
63.1,2,-4.63066e+06,5.91127e+06,955144
63.1,3,-3.30642e+06,6.13647e+06,2.94437e+06
63.1,4,-4.3447e+06,5.91294e+06,1.8551e+06
63.1,5,-5.20753e+06,5.4505e+06,690796
63.1,6,-3.39244e+06,5.93299e+06,3.24691e+06
63.1,7,-4.94978e+06,5.49784e+06,1.59976e+06
63.1,8,-4.28027e+06,5.57834e+06,2.79689e+06
63.1,9,-5.67361e+06,4.89056e+06,1.09017e+06
64.1,0,-2.62275e+06,6.35113e+06,3.16821e+06
64.1,1,-3.70326e+06,6.25666e+06,2.10137e+06
64.1,2,-4.63425e+06,5.90937e+06,949525
64.1,3,-3.31127e+06,6.13623e+06,2.93943e+06
64.1,4,-4.34882e+06,5.91161e+06,1.8497e+06
64.1,5,-5.21076e+06,5.44813e+06,685140
64.1,6,-3.39747e+06,5.93273e+06,3.24215e+06
64.1,7,-4.9536e+06,5.496e+06,1.59427e+06
64.1,8,-4.28492e+06,5.57729e+06,2.79187e+06
64.1,9,-5.67684e+06,4.88806e+06,1.08458e+06
65.1,0,-2.62772e+06,6.35148e+06,3.16339e+06
65.1,1,-3.70763e+06,6.25587e+06,2.09604e+06
65.1,2,-4.63783e+06,5.90747e+06,943904
65.1,3,-3.31612e+06,6.13599e+06,2.93448e+06
65.1,4,-4.35294e+06,5.91028e+06,1.84428e+06
65.1,5,-5.21399e+06,5.44576e+06,679485
65.1,6,-3.40249e+06,5.93247e+06,3.23738e+06
65.1,7,-4.95742e+06,5.49416e+06,1.58879e+06
65.1,8,-4.28958e+06,5.57623e+06,2.78684e+06
65.1,9,-5.68007e+06,4.88555e+06,1.07898e+06
66.1,0,-2.63269e+06,6.35183e+06,3.15857e+06
66.1,1,-3.71199e+06,6.25507e+06,2.09072e+06
66.1,2,-4.64141e+06,5.90557e+06,938282
66.1,3,-3.32096e+06,6.13575e+06,2.92953e+06
66.1,4,-4.35706e+06,5.90894e+06,1.83887e+06
66.1,5,-5.21721e+06,5.44339e+06,673828
66.1,6,-3.4075e+06,5.9322e+06,3.23261e+06
66.1,7,-4.96123e+06,5.49231e+06,1.5833e+06
66.1,8,-4.29423e+06,5.57518e+06,2.78182e+06
66.1,9,-5.6833e+06,4.88305e+06,1.07338e+06
67.1,0,-2.63766e+06,6.35217e+06,3.15376e+06
67.1,1,-3.71635e+06,6.25427e+06,2.08539e+06
67.1,2,-4.64498e+06,5.90366e+06,932660
67.1,3,-3.32581e+06,6.13549e+06,2.92458e+06
67.1,4,-4.36117e+06,5.9076e+06,1.83346e+06
67.1,5,-5.22043e+06,5.44101e+06,668171
67.1,6,-3.41252e+06,5.93193e+06,3.22783e+06
67.1,7,-4.96504e+06,5.49046e+06,1.57781e+06
67.1,8,-4.29887e+06,5.57411e+06,2.77679e+06
67.1,9,-5.68652e+06,4.88054e+06,1.06778e+06
68.1,0,-2.64262e+06,6.35251e+06,3.14893e+06
68.1,1,-3.7207e+06,6.25347e+06,2.08006e+06
68.1,2,-4.64855e+06,5.90174e+06,927037
68.1,3,-3.33064e+06,6.13524e+06,2.91963e+06
68.1,4,-4.36528e+06,5.90625e+06,1.82804e+06
68.1,5,-5.22365e+06,5.43862e+06,662513
68.1,6,-3.41753e+06,5.93165e+06,3.22306e+06
68.1,7,-4.96884e+06,5.4886e+06,1.57233e+06
68.1,8,-4.30352e+06,5.57304e+06,2.77176e+06
68.1,9,-5.68973e+06,4.87802e+06,1.06218e+06
69.1,0,-2.64758e+06,6.35285e+06,3.14411e+06
69.1,1,-3.72505e+06,6.25266e+06,2.07472e+06
69.1,2,-4.65212e+06,5.89982e+06,921413
69.1,3,-3.33548e+06,6.13498e+06,2.91467e+06
69.1,4,-4.36939e+06,5.9049e+06,1.82263e+06
69.1,5,-5.22686e+06,5.43623e+06,656855
69.1,6,-3.42253e+06,5.93137e+06,3.21827e+06
69.1,7,-4.97264e+06,5.48674e+06,1.56683e+06
69.1,8,-4.30816e+06,5.57197e+06,2.76672e+06
69.1,9,-5.69294e+06,4.8755e+06,1.05658e+06
70.1,0,-2.65254e+06,6.35317e+06,3.13928e+06
70.1,1,-3.7294e+06,6.25184e+06,2.06939e+06
70.1,2,-4.65568e+06,5.8979e+06,915788
70.1,3,-3.34031e+06,6.13471e+06,2.90971e+06
70.1,4,-4.37349e+06,5.90354e+06,1.81721e+06
70.1,5,-5.23006e+06,5.43384e+06,651196
70.1,6,-3.42754e+06,5.93108e+06,3.21349e+06
70.1,7,-4.97643e+06,5.48488e+06,1.56134e+06
70.1,8,-4.31279e+06,5.57089e+06,2.76168e+06
70.1,9,-5.69615e+06,4.87298e+06,1.05097e+06
71.1,0,-2.6575e+06,6.3535e+06,3.13445e+06
71.1,1,-3.73374e+06,6.25102e+06,2.06405e+06
71.1,2,-4.65924e+06,5.89597e+06,910162
71.1,3,-3.34514e+06,6.13444e+06,2.90475e+06
71.1,4,-4.37759e+06,5.90218e+06,1.81179e+06
71.1,5,-5.23327e+06,5.43144e+06,645536
71.1,6,-3.43254e+06,5.93079e+06,3.20871e+06
71.1,7,-4.98022e+06,5.48301e+06,1.55585e+06
71.1,8,-4.31742e+06,5.56981e+06,2.75664e+06
71.1,9,-5.69935e+06,4.87045e+06,1.04537e+06
72.1,0,-2.66245e+06,6.35381e+06,3.12961e+06
72.1,1,-3.73809e+06,6.2502e+06,2.05871e+06
72.1,2,-4.66279e+06,5.89403e+06,904535
72.1,3,-3.34997e+06,6.13416e+06,2.89978e+06
72.1,4,-4.38168e+06,5.90081e+06,1.80636e+06
72.1,5,-5.23646e+06,5.42904e+06,639876
72.1,6,-3.43754e+06,5.93049e+06,3.20392e+06
72.1,7,-4.98401e+06,5.48114e+06,1.55035e+06
72.1,8,-4.32205e+06,5.56872e+06,2.7516e+06
72.1,9,-5.70254e+06,4.86792e+06,1.03976e+06
73.1,0,-2.6674e+06,6.35413e+06,3.12477e+06
73.1,1,-3.74242e+06,6.24937e+06,2.05337e+06
73.1,2,-4.66634e+06,5.89209e+06,898908
73.1,3,-3.35479e+06,6.13388e+06,2.89482e+06
73.1,4,-4.38577e+06,5.89944e+06,1.80094e+06
73.1,5,-5.23966e+06,5.42663e+06,634215
73.1,6,-3.44253e+06,5.93019e+06,3.19912e+06
73.1,7,-4.98779e+06,5.47926e+06,1.54486e+06
73.1,8,-4.32668e+06,5.56763e+06,2.74656e+06
73.1,9,-5.70574e+06,4.86539e+06,1.03416e+06
74.1,0,-2.67235e+06,6.35443e+06,3.11993e+06
74.1,1,-3.74676e+06,6.24853e+06,2.04803e+06
74.1,2,-4.66989e+06,5.89015e+06,893279
74.1,3,-3.35961e+06,6.1336e+06,2.88985e+06
74.1,4,-4.38986e+06,5.89806e+06,1.79552e+06
74.1,5,-5.24285e+06,5.42422e+06,628554
74.1,6,-3.44753e+06,5.92988e+06,3.19433e+06
74.1,7,-4.99157e+06,5.47738e+06,1.53936e+06
74.1,8,-4.3313e+06,5.56654e+06,2.74151e+06
74.1,9,-5.70892e+06,4.86285e+06,1.02855e+06
75.1,0,-2.6773e+06,6.35473e+06,3.11509e+06
75.1,1,-3.75109e+06,6.24769e+06,2.04269e+06
75.1,2,-4.67343e+06,5.8882e+06,887650
75.1,3,-3.36442e+06,6.13331e+06,2.88487e+06
75.1,4,-4.39394e+06,5.89668e+06,1.79009e+06
75.1,5,-5.24603e+06,5.4218e+06,622892
75.1,6,-3.45251e+06,5.92957e+06,3.18953e+06
75.1,7,-4.99534e+06,5.47549e+06,1.53386e+06
75.1,8,-4.33591e+06,5.56544e+06,2.73646e+06
75.1,9,-5.7121e+06,4.86031e+06,1.02294e+06
76.1,0,-2.68224e+06,6.35503e+06,3.11025e+06
76.1,1,-3.75542e+06,6.24684e+06,2.03734e+06
76.1,2,-4.67697e+06,5.88624e+06,882020
76.1,3,-3.36924e+06,6.13301e+06,2.8799e+06
76.1,4,-4.39802e+06,5.89529e+06,1.78466e+06
76.1,5,-5.24921e+06,5.41938e+06,617229
76.1,6,-3.4575e+06,5.92925e+06,3.18473e+06
76.1,7,-4.99911e+06,5.4736e+06,1.52836e+06
76.1,8,-4.34052e+06,5.56433e+06,2.73141e+06
76.1,9,-5.71528e+06,4.85776e+06,1.01733e+06
77.1,0,-2.68718e+06,6.35532e+06,3.1054e+06
77.1,1,-3.75974e+06,6.24599e+06,2.03199e+06
77.1,2,-4.6805e+06,5.88428e+06,876389
77.1,3,-3.37405e+06,6.13271e+06,2.87492e+06
77.1,4,-4.4021e+06,5.8939e+06,1.77923e+06
77.1,5,-5.25238e+06,5.41696e+06,611566
77.1,6,-3.46248e+06,5.92893e+06,3.17993e+06
77.1,7,-5.00287e+06,5.4717e+06,1.52286e+06
77.1,8,-4.34513e+06,5.56322e+06,2.72635e+06
77.1,9,-5.71845e+06,4.85521e+06,1.01172e+06
78.1,0,-2.69212e+06,6.35561e+06,3.10055e+06
78.1,1,-3.76407e+06,6.24514e+06,2.02664e+06
78.1,2,-4.68403e+06,5.88232e+06,870758
78.1,3,-3.37886e+06,6.1324e+06,2.86994e+06
78.1,4,-4.40617e+06,5.89251e+06,1.7738e+06
78.1,5,-5.25555e+06,5.41453e+06,605903
78.1,6,-3.46746e+06,5.92861e+06,3.17512e+06
78.1,7,-5.00663e+06,5.4698e+06,1.51735e+06
78.1,8,-4.34974e+06,5.56211e+06,2.7213e+06
78.1,9,-5.72162e+06,4.85266e+06,1.00611e+06
79.1,0,-2.69706e+06,6.35589e+06,3.09569e+06
79.1,1,-3.76838e+06,6.24427e+06,2.02129e+06
79.1,2,-4.68756e+06,5.88035e+06,865125
79.1,3,-3.38366e+06,6.13209e+06,2.86496e+06
79.1,4,-4.41024e+06,5.89111e+06,1.76836e+06
79.1,5,-5.25872e+06,5.41209e+06,600238
79.1,6,-3.47244e+06,5.92828e+06,3.17031e+06
79.1,7,-5.01039e+06,5.4679e+06,1.51185e+06
79.1,8,-4.35434e+06,5.56099e+06,2.71624e+06
79.1,9,-5.72478e+06,4.8501e+06,1.0005e+06
80.1,0,-2.70199e+06,6.35617e+06,3.09083e+06
80.1,1,-3.7727e+06,6.24341e+06,2.01594e+06
80.1,2,-4.69108e+06,5.87838e+06,859492
80.1,3,-3.38846e+06,6.13178e+06,2.85997e+06
80.1,4,-4.4143e+06,5.8897e+06,1.76293e+06
80.1,5,-5.26188e+06,5.40965e+06,594574
80.1,6,-3.47741e+06,5.92794e+06,3.1655e+06
80.1,7,-5.01414e+06,5.46599e+06,1.50634e+06
80.1,8,-4.35894e+06,5.55987e+06,2.71118e+06
80.1,9,-5.72794e+06,4.84753e+06,994890
81.1,0,-2.70692e+06,6.35644e+06,3.08597e+06
81.1,1,-3.77701e+06,6.24254e+06,2.01058e+06
81.1,2,-4.6946e+06,5.8764e+06,853858
81.1,3,-3.39326e+06,6.13146e+06,2.85498e+06
81.1,4,-4.41836e+06,5.88829e+06,1.75749e+06
81.1,5,-5.26504e+06,5.40721e+06,588908
81.1,6,-3.48238e+06,5.9276e+06,3.16068e+06
81.1,7,-5.01788e+06,5.46407e+06,1.50084e+06
81.1,8,-4.36353e+06,5.55875e+06,2.70611e+06
81.1,9,-5.73109e+06,4.84497e+06,989276
82.1,0,-2.71185e+06,6.35671e+06,3.08111e+06
82.1,1,-3.78132e+06,6.24166e+06,2.00522e+06
82.1,2,-4.69811e+06,5.87441e+06,848223
82.1,3,-3.39806e+06,6.13113e+06,2.84999e+06
82.1,4,-4.42242e+06,5.88688e+06,1.75205e+06
82.1,5,-5.26819e+06,5.40476e+06,583243
82.1,6,-3.48735e+06,5.92726e+06,3.15586e+06
82.1,7,-5.02163e+06,5.46215e+06,1.49533e+06
82.1,8,-4.36812e+06,5.55762e+06,2.70104e+06
82.1,9,-5.73424e+06,4.8424e+06,983662
83.1,0,-2.71677e+06,6.35697e+06,3.07624e+06
83.1,1,-3.78562e+06,6.24078e+06,1.99986e+06
83.1,2,-4.70162e+06,5.87243e+06,842588
83.1,3,-3.40285e+06,6.1308e+06,2.845e+06
83.1,4,-4.42647e+06,5.88546e+06,1.74661e+06
83.1,5,-5.27134e+06,5.40231e+06,577576
83.1,6,-3.49231e+06,5.92691e+06,3.15104e+06
83.1,7,-5.02537e+06,5.46023e+06,1.48982e+06
83.1,8,-4.3727e+06,5.55648e+06,2.69597e+06
83.1,9,-5.73738e+06,4.83982e+06,978047
84.1,0,-2.7217e+06,6.35723e+06,3.07138e+06
84.1,1,-3.78993e+06,6.23989e+06,1.9945e+06
84.1,2,-4.70513e+06,5.87043e+06,836952
84.1,3,-3.40764e+06,6.13047e+06,2.84e+06
84.1,4,-4.43052e+06,5.88403e+06,1.74117e+06
84.1,5,-5.27449e+06,5.39986e+06,571909
84.1,6,-3.49727e+06,5.92656e+06,3.14622e+06
84.1,7,-5.0291e+06,5.45831e+06,1.48431e+06
84.1,8,-4.37729e+06,5.55534e+06,2.6909e+06
84.1,9,-5.74052e+06,4.83724e+06,972430
85.1,0,-2.72662e+06,6.35748e+06,3.0665e+06
85.1,1,-3.79422e+06,6.239e+06,1.98914e+06
85.1,2,-4.70863e+06,5.86843e+06,831314
85.1,3,-3.41243e+06,6.13013e+06,2.835e+06
85.1,4,-4.43456e+06,5.8826e+06,1.73573e+06
85.1,5,-5.27762e+06,5.39739e+06,566242
85.1,6,-3.50223e+06,5.9262e+06,3.14139e+06
85.1,7,-5.03283e+06,5.45637e+06,1.47879e+06
85.1,8,-4.38186e+06,5.5542e+06,2.68583e+06
85.1,9,-5.74365e+06,4.83466e+06,966813
86.1,0,-2.73154e+06,6.35772e+06,3.06163e+06
86.1,1,-3.79852e+06,6.2381e+06,1.98378e+06
86.1,2,-4.71213e+06,5.86643e+06,825677
86.1,3,-3.41721e+06,6.12978e+06,2.83e+06
86.1,4,-4.4386e+06,5.88117e+06,1.73028e+06
86.1,5,-5.28076e+06,5.39493e+06,560574
86.1,6,-3.50719e+06,5.92584e+06,3.13656e+06
86.1,7,-5.03655e+06,5.45444e+06,1.47328e+06
86.1,8,-4.38644e+06,5.55305e+06,2.68075e+06
86.1,9,-5.74678e+06,4.83208e+06,961195
87.1,0,-2.73645e+06,6.35796e+06,3.05675e+06
87.1,1,-3.80281e+06,6.2372e+06,1.97841e+06
87.1,2,-4.71562e+06,5.86442e+06,820038
87.1,3,-3.42199e+06,6.12943e+06,2.82499e+06
87.1,4,-4.44264e+06,5.87973e+06,1.72483e+06
87.1,5,-5.28389e+06,5.39246e+06,554905
87.1,6,-3.51214e+06,5.92547e+06,3.13173e+06
87.1,7,-5.04028e+06,5.4525e+06,1.46776e+06
87.1,8,-4.39101e+06,5.5519e+06,2.67567e+06
87.1,9,-5.7499e+06,4.82949e+06,955577
88.1,0,-2.74137e+06,6.3582e+06,3.05187e+06
88.1,1,-3.8071e+06,6.2363e+06,1.97304e+06
88.1,2,-4.71911e+06,5.86241e+06,814399
88.1,3,-3.42677e+06,6.12908e+06,2.81999e+06
88.1,4,-4.44667e+06,5.87829e+06,1.71939e+06
88.1,5,-5.28702e+06,5.38999e+06,549236
88.1,6,-3.51709e+06,5.9251e+06,3.12689e+06
88.1,7,-5.04399e+06,5.45055e+06,1.46224e+06
88.1,8,-4.39558e+06,5.55074e+06,2.67059e+06
88.1,9,-5.75302e+06,4.82689e+06,949957
89.1,0,-2.74628e+06,6.35843e+06,3.04699e+06
89.1,1,-3.81138e+06,6.23538e+06,1.96767e+06
89.1,2,-4.7226e+06,5.86039e+06,808758
89.1,3,-3.43154e+06,6.12872e+06,2.81498e+06
89.1,4,-4.4507e+06,5.87684e+06,1.71394e+06
89.1,5,-5.29014e+06,5.38751e+06,543567
89.1,6,-3.52203e+06,5.92472e+06,3.12205e+06
89.1,7,-5.0477e+06,5.4486e+06,1.45673e+06
89.1,8,-4.40014e+06,5.54958e+06,2.6655e+06
89.1,9,-5.75613e+06,4.82429e+06,944336
90.1,0,-2.75119e+06,6.35866e+06,3.0421e+06
90.1,1,-3.81567e+06,6.23447e+06,1.9623e+06
90.1,2,-4.72608e+06,5.85837e+06,803118
90.1,3,-3.43631e+06,6.12836e+06,2.80996e+06
90.1,4,-4.45473e+06,5.87538e+06,1.70848e+06
90.1,5,-5.29326e+06,5.38502e+06,537897
90.1,6,-3.52697e+06,5.92434e+06,3.11721e+06
90.1,7,-5.05141e+06,5.44665e+06,1.45121e+06
90.1,8,-4.4047e+06,5.54841e+06,2.66042e+06
90.1,9,-5.75924e+06,4.82169e+06,938715
91.1,0,-2.75609e+06,6.35888e+06,3.03722e+06
91.1,1,-3.81994e+06,6.23354e+06,1.95693e+06
91.1,2,-4.72956e+06,5.85634e+06,797476
91.1,3,-3.44108e+06,6.12799e+06,2.80495e+06
91.1,4,-4.45875e+06,5.87392e+06,1.70303e+06
91.1,5,-5.29637e+06,5.38254e+06,532226
91.1,6,-3.53191e+06,5.92395e+06,3.11236e+06
91.1,7,-5.05512e+06,5.44469e+06,1.44568e+06
91.1,8,-4.40925e+06,5.54724e+06,2.65533e+06
91.1,9,-5.76235e+06,4.81908e+06,933092
92.1,0,-2.761e+06,6.35909e+06,3.03232e+06
92.1,1,-3.82422e+06,6.23262e+06,1.95155e+06
92.1,2,-4.73303e+06,5.85431e+06,791834
92.1,3,-3.44584e+06,6.12761e+06,2.79993e+06
92.1,4,-4.46277e+06,5.87246e+06,1.69758e+06
92.1,5,-5.29948e+06,5.38004e+06,526555
92.1,6,-3.53685e+06,5.92356e+06,3.10752e+06
92.1,7,-5.05881e+06,5.44273e+06,1.44016e+06
92.1,8,-4.4138e+06,5.54607e+06,2.65023e+06
92.1,9,-5.76544e+06,4.81647e+06,927469
93.1,0,-2.7659e+06,6.3593e+06,3.02743e+06
93.1,1,-3.82849e+06,6.23168e+06,1.94617e+06
93.1,2,-4.7365e+06,5.85227e+06,786190
93.1,3,-3.4506e+06,6.12723e+06,2.79491e+06
93.1,4,-4.46678e+06,5.87099e+06,1.69212e+06
93.1,5,-5.30258e+06,5.37755e+06,520884
93.1,6,-3.54178e+06,5.92317e+06,3.10267e+06
93.1,7,-5.06251e+06,5.44076e+06,1.43464e+06
93.1,8,-4.41835e+06,5.54489e+06,2.64514e+06
93.1,9,-5.76854e+06,4.81386e+06,921845
94.1,0,-2.77079e+06,6.35951e+06,3.02253e+06
94.1,1,-3.83276e+06,6.23075e+06,1.94079e+06
94.1,2,-4.73997e+06,5.85023e+06,780547
94.1,3,-3.45536e+06,6.12685e+06,2.78989e+06
94.1,4,-4.47079e+06,5.86952e+06,1.68666e+06
94.1,5,-5.30568e+06,5.37504e+06,515212
94.1,6,-3.54671e+06,5.92277e+06,3.09781e+06
94.1,7,-5.0662e+06,5.43879e+06,1.42911e+06
94.1,8,-4.42289e+06,5.5437e+06,2.64004e+06
94.1,9,-5.77163e+06,4.81124e+06,916220
95.1,0,-2.77569e+06,6.35971e+06,3.01763e+06
95.1,1,-3.83702e+06,6.2298e+06,1.93541e+06
95.1,2,-4.74343e+06,5.84819e+06,774902
95.1,3,-3.46012e+06,6.12646e+06,2.78486e+06
95.1,4,-4.47479e+06,5.86804e+06,1.6812e+06
95.1,5,-5.30877e+06,5.37254e+06,509540
95.1,6,-3.55163e+06,5.92236e+06,3.09296e+06
95.1,7,-5.06989e+06,5.43681e+06,1.42359e+06
95.1,8,-4.42743e+06,5.54252e+06,2.63494e+06
95.1,9,-5.77471e+06,4.80862e+06,910594
96.1,0,-2.78058e+06,6.3599e+06,3.01273e+06
96.1,1,-3.84129e+06,6.22886e+06,1.93003e+06
96.1,2,-4.74689e+06,5.84613e+06,769257
96.1,3,-3.46487e+06,6.12607e+06,2.77984e+06
96.1,4,-4.4788e+06,5.86656e+06,1.67574e+06
96.1,5,-5.31186e+06,5.37003e+06,503867
96.1,6,-3.55656e+06,5.92195e+06,3.0881e+06
96.1,7,-5.07357e+06,5.43483e+06,1.41806e+06
96.1,8,-4.43197e+06,5.54132e+06,2.62984e+06
96.1,9,-5.77779e+06,4.80599e+06,904968
97.1,0,-2.78547e+06,6.36009e+06,3.00783e+06
97.1,1,-3.84554e+06,6.2279e+06,1.92465e+06
97.1,2,-4.75034e+06,5.84408e+06,763611
97.1,3,-3.46962e+06,6.12567e+06,2.77481e+06
97.1,4,-4.48279e+06,5.86508e+06,1.67028e+06
97.1,5,-5.31495e+06,5.36751e+06,498193
97.1,6,-3.56148e+06,5.92154e+06,3.08324e+06
97.1,7,-5.07725e+06,5.43285e+06,1.41253e+06
97.1,8,-4.4365e+06,5.54013e+06,2.62474e+06
97.1,9,-5.78086e+06,4.80336e+06,899340
98.1,0,-2.79036e+06,6.36028e+06,3.00292e+06
98.1,1,-3.8498e+06,6.22695e+06,1.91926e+06
98.1,2,-4.75379e+06,5.84202e+06,757964
98.1,3,-3.47437e+06,6.12527e+06,2.76977e+06
98.1,4,-4.48679e+06,5.86358e+06,1.66482e+06
98.1,5,-5.31803e+06,5.365e+06,492520
98.1,6,-3.56639e+06,5.92112e+06,3.07837e+06
98.1,7,-5.08092e+06,5.43086e+06,1.407e+06
98.1,8,-4.44103e+06,5.53893e+06,2.61963e+06
98.1,9,-5.78393e+06,4.80073e+06,893712
99.1,0,-2.79525e+06,6.36046e+06,2.99801e+06
99.1,1,-3.85405e+06,6.22598e+06,1.91387e+06
99.1,2,-4.75724e+06,5.83995e+06,752317
99.1,3,-3.47911e+06,6.12486e+06,2.76474e+06
99.1,4,-4.49078e+06,5.86209e+06,1.65935e+06
99.1,5,-5.32111e+06,5.36247e+06,486845
99.1,6,-3.57131e+06,5.92069e+06,3.0735e+06
99.1,7,-5.08459e+06,5.42887e+06,1.40147e+06
99.1,8,-4.44555e+06,5.53772e+06,2.61452e+06
99.1,9,-5.787e+06,4.79809e+06,888083
100.1,0,-2.80013e+06,6.36063e+06,2.99309e+06
100.1,1,-3.8583e+06,6.22502e+06,1.90848e+06
100.1,2,-4.76068e+06,5.83788e+06,746669
100.1,3,-3.48385e+06,6.12444e+06,2.7597e+06
100.1,4,-4.49477e+06,5.86059e+06,1.65388e+06
100.1,5,-5.32418e+06,5.35994e+06,481171
100.1,6,-3.57622e+06,5.92026e+06,3.06863e+06
100.1,7,-5.08825e+06,5.42687e+06,1.39593e+06
100.1,8,-4.45007e+06,5.53651e+06,2.60941e+06
100.1,9,-5.79006e+06,4.79545e+06,882453
101.1,0,-2.80501e+06,6.3608e+06,2.98818e+06
101.1,1,-3.86254e+06,6.22404e+06,1.90309e+06
101.1,2,-4.76412e+06,5.8358e+06,741020
101.1,3,-3.48859e+06,6.12402e+06,2.75466e+06
101.1,4,-4.49875e+06,5.85908e+06,1.64842e+06
101.1,5,-5.32725e+06,5.35741e+06,475495
101.1,6,-3.58112e+06,5.91983e+06,3.06376e+06
101.1,7,-5.09191e+06,5.42487e+06,1.3904e+06
101.1,8,-4.45459e+06,5.5353e+06,2.6043e+06
101.1,9,-5.79311e+06,4.7928e+06,876822
102.1,0,-2.80989e+06,6.36097e+06,2.98326e+06
102.1,1,-3.86678e+06,6.22307e+06,1.8977e+06
102.1,2,-4.76755e+06,5.83372e+06,735371
102.1,3,-3.49332e+06,6.1236e+06,2.74962e+06
102.1,4,-4.50273e+06,5.85757e+06,1.64295e+06
102.1,5,-5.33031e+06,5.35487e+06,469820
102.1,6,-3.58603e+06,5.91939e+06,3.05888e+06
102.1,7,-5.09557e+06,5.42286e+06,1.38486e+06
102.1,8,-4.4591e+06,5.53408e+06,2.59918e+06
102.1,9,-5.79616e+06,4.79016e+06,871191
103.1,0,-2.81476e+06,6.36113e+06,2.97834e+06
103.1,1,-3.87102e+06,6.22208e+06,1.8923e+06
103.1,2,-4.77098e+06,5.83164e+06,729721
103.1,3,-3.49805e+06,6.12317e+06,2.74457e+06
103.1,4,-4.5067e+06,5.85605e+06,1.63747e+06
103.1,5,-5.33337e+06,5.35233e+06,464144
103.1,6,-3.59093e+06,5.91895e+06,3.05401e+06
103.1,7,-5.09922e+06,5.42085e+06,1.37933e+06
103.1,8,-4.46361e+06,5.53285e+06,2.59406e+06
103.1,9,-5.79921e+06,4.7875e+06,865558
104.1,0,-2.81963e+06,6.36128e+06,2.97341e+06
104.1,1,-3.87526e+06,6.22109e+06,1.8869e+06
104.1,2,-4.7744e+06,5.82955e+06,724070
104.1,3,-3.50278e+06,6.12274e+06,2.73952e+06
104.1,4,-4.51067e+06,5.85453e+06,1.632e+06
104.1,5,-5.33642e+06,5.34979e+06,458467
104.1,6,-3.59582e+06,5.9185e+06,3.04912e+06
104.1,7,-5.10287e+06,5.41883e+06,1.37379e+06
104.1,8,-4.46811e+06,5.53163e+06,2.58894e+06
104.1,9,-5.80225e+06,4.78484e+06,859925
105.1,0,-2.8245e+06,6.36143e+06,2.96849e+06
105.1,1,-3.87949e+06,6.2201e+06,1.88151e+06
105.1,2,-4.77783e+06,5.82745e+06,718418
105.1,3,-3.5075e+06,6.1223e+06,2.73447e+06
105.1,4,-4.51464e+06,5.85301e+06,1.62653e+06
105.1,5,-5.33947e+06,5.34724e+06,452790
105.1,6,-3.60072e+06,5.91805e+06,3.04424e+06
105.1,7,-5.10651e+06,5.41681e+06,1.36825e+06
105.1,8,-4.47261e+06,5.53039e+06,2.58382e+06
105.1,9,-5.80528e+06,4.78218e+06,854291
106.1,0,-2.82937e+06,6.36157e+06,2.96356e+06
106.1,1,-3.88371e+06,6.2191e+06,1.87611e+06
106.1,2,-4.78124e+06,5.82535e+06,712766
106.1,3,-3.51222e+06,6.12186e+06,2.72942e+06
106.1,4,-4.5186e+06,5.85148e+06,1.62105e+06
106.1,5,-5.34252e+06,5.34468e+06,447113
106.1,6,-3.60561e+06,5.91759e+06,3.03935e+06
106.1,7,-5.11015e+06,5.41479e+06,1.36271e+06
106.1,8,-4.47711e+06,5.52916e+06,2.57869e+06
106.1,9,-5.80831e+06,4.77952e+06,848657
107.1,0,-2.83423e+06,6.36171e+06,2.95862e+06
107.1,1,-3.88794e+06,6.2181e+06,1.8707e+06
107.1,2,-4.78466e+06,5.82325e+06,707113
107.1,3,-3.51694e+06,6.12141e+06,2.72436e+06
107.1,4,-4.52256e+06,5.84994e+06,1.61557e+06
107.1,5,-5.34556e+06,5.34212e+06,441435
107.1,6,-3.6105e+06,5.91713e+06,3.03446e+06
107.1,7,-5.11378e+06,5.41276e+06,1.35717e+06
107.1,8,-4.4816e+06,5.52792e+06,2.57356e+06
107.1,9,-5.81134e+06,4.77685e+06,843021
108.1,0,-2.8391e+06,6.36185e+06,2.95369e+06
108.1,1,-3.89216e+06,6.21709e+06,1.8653e+06
108.1,2,-4.78807e+06,5.82114e+06,701460
108.1,3,-3.52165e+06,6.12096e+06,2.7193e+06
108.1,4,-4.52652e+06,5.8484e+06,1.61009e+06
108.1,5,-5.3486e+06,5.33956e+06,435757
108.1,6,-3.61538e+06,5.91667e+06,3.02957e+06
108.1,7,-5.11741e+06,5.41072e+06,1.35162e+06
108.1,8,-4.48609e+06,5.52667e+06,2.56843e+06
108.1,9,-5.81436e+06,4.77418e+06,837385
109.1,0,-2.84396e+06,6.36198e+06,2.94875e+06
109.1,1,-3.89638e+06,6.21608e+06,1.85989e+06
109.1,2,-4.79147e+06,5.81902e+06,695806
109.1,3,-3.52637e+06,6.1205e+06,2.71424e+06
109.1,4,-4.53047e+06,5.84686e+06,1.60461e+06
109.1,5,-5.35163e+06,5.33699e+06,430079
109.1,6,-3.62026e+06,5.9162e+06,3.02467e+06
109.1,7,-5.12104e+06,5.40869e+06,1.34608e+06
109.1,8,-4.49058e+06,5.52542e+06,2.5633e+06
109.1,9,-5.81737e+06,4.7715e+06,831748
110.1,0,-2.84881e+06,6.3621e+06,2.94381e+06
110.1,1,-3.90059e+06,6.21506e+06,1.85449e+06
110.1,2,-4.79487e+06,5.8169e+06,690151
110.1,3,-3.53107e+06,6.12004e+06,2.70918e+06
110.1,4,-4.53442e+06,5.84531e+06,1.59913e+06
110.1,5,-5.35466e+06,5.33442e+06,424400
110.1,6,-3.62514e+06,5.91572e+06,3.01978e+06
110.1,7,-5.12466e+06,5.40664e+06,1.34053e+06
110.1,8,-4.49506e+06,5.52417e+06,2.55816e+06
110.1,9,-5.82038e+06,4.76882e+06,826110
111.1,0,-2.85367e+06,6.36222e+06,2.93886e+06
111.1,1,-3.9048e+06,6.21404e+06,1.84908e+06
111.1,2,-4.79827e+06,5.81478e+06,684496
111.1,3,-3.53578e+06,6.11957e+06,2.70411e+06
111.1,4,-4.53836e+06,5.84376e+06,1.59365e+06
111.1,5,-5.35768e+06,5.33184e+06,418721
111.1,6,-3.63001e+06,5.91524e+06,3.01487e+06
111.1,7,-5.12827e+06,5.4046e+06,1.33499e+06
111.1,8,-4.49954e+06,5.52291e+06,2.55303e+06
111.1,9,-5.82339e+06,4.76613e+06,820472
112.1,0,-2.85852e+06,6.36233e+06,2.93392e+06
112.1,1,-3.90901e+06,6.21301e+06,1.84367e+06
112.1,2,-4.80166e+06,5.81265e+06,678840
112.1,3,-3.54048e+06,6.1191e+06,2.69905e+06
112.1,4,-4.5423e+06,5.8422e+06,1.58816e+06
112.1,5,-5.3607e+06,5.32926e+06,413041
112.1,6,-3.63488e+06,5.91475e+06,3.00997e+06
112.1,7,-5.13189e+06,5.40255e+06,1.32944e+06
112.1,8,-4.50401e+06,5.52165e+06,2.54789e+06
112.1,9,-5.82639e+06,4.76344e+06,814832
113.1,0,-2.86337e+06,6.36244e+06,2.92897e+06
113.1,1,-3.91321e+06,6.21197e+06,1.83826e+06
113.1,2,-4.80505e+06,5.81052e+06,673183
113.1,3,-3.54518e+06,6.11862e+06,2.69398e+06
113.1,4,-4.54624e+06,5.84064e+06,1.58268e+06
113.1,5,-5.36371e+06,5.32668e+06,407361
113.1,6,-3.63975e+06,5.91426e+06,3.00506e+06
113.1,7,-5.13549e+06,5.40049e+06,1.32389e+06
113.1,8,-4.50848e+06,5.52038e+06,2.54274e+06
113.1,9,-5.82938e+06,4.76075e+06,809192
114.1,0,-2.86821e+06,6.36254e+06,2.92402e+06
114.1,1,-3.91741e+06,6.21093e+06,1.83284e+06
114.1,2,-4.80844e+06,5.80838e+06,667526
114.1,3,-3.54988e+06,6.11814e+06,2.6889e+06
114.1,4,-4.55017e+06,5.83907e+06,1.57719e+06
114.1,5,-5.36672e+06,5.32409e+06,401680
114.1,6,-3.64462e+06,5.91377e+06,3.00015e+06
114.1,7,-5.1391e+06,5.39843e+06,1.31834e+06
114.1,8,-4.51294e+06,5.51911e+06,2.5376e+06
114.1,9,-5.83237e+06,4.75805e+06,803551
115.1,0,-2.87306e+06,6.36264e+06,2.91906e+06
115.1,1,-3.92161e+06,6.20989e+06,1.82743e+06
115.1,2,-4.81182e+06,5.80624e+06,661868
115.1,3,-3.55457e+06,6.11765e+06,2.68383e+06
115.1,4,-4.5541e+06,5.83749e+06,1.5717e+06
115.1,5,-5.36972e+06,5.32149e+06,395999
115.1,6,-3.64948e+06,5.91327e+06,2.99524e+06
115.1,7,-5.14269e+06,5.39637e+06,1.31279e+06
115.1,8,-4.5174e+06,5.51783e+06,2.53245e+06
115.1,9,-5.83536e+06,4.75535e+06,797910
116.1,0,-2.8779e+06,6.36273e+06,2.91411e+06
116.1,1,-3.9258e+06,6.20884e+06,1.82201e+06
116.1,2,-4.81519e+06,5.80409e+06,656210
116.1,3,-3.55926e+06,6.11716e+06,2.67875e+06
116.1,4,-4.55802e+06,5.83592e+06,1.56621e+06
116.1,5,-5.37272e+06,5.31889e+06,390318
116.1,6,-3.65434e+06,5.91277e+06,2.99033e+06
116.1,7,-5.14629e+06,5.3943e+06,1.30723e+06
116.1,8,-4.52186e+06,5.51655e+06,2.5273e+06
116.1,9,-5.83834e+06,4.75265e+06,792267
117.1,0,-2.88273e+06,6.36282e+06,2.90915e+06
117.1,1,-3.92999e+06,6.20779e+06,1.81659e+06
117.1,2,-4.81856e+06,5.80194e+06,650551
117.1,3,-3.56394e+06,6.11666e+06,2.67367e+06
117.1,4,-4.56194e+06,5.83433e+06,1.56072e+06
117.1,5,-5.37572e+06,5.31629e+06,384637
117.1,6,-3.65919e+06,5.91226e+06,2.98541e+06
117.1,7,-5.14988e+06,5.39222e+06,1.30168e+06
117.1,8,-4.52632e+06,5.51527e+06,2.52215e+06
117.1,9,-5.84131e+06,4.74994e+06,786624
118.1,0,-2.88757e+06,6.3629e+06,2.90418e+06
118.1,1,-3.93418e+06,6.20673e+06,1.81117e+06
118.1,2,-4.82193e+06,5.79978e+06,644891
118.1,3,-3.56863e+06,6.11616e+06,2.66858e+06
118.1,4,-4.56586e+06,5.83275e+06,1.55522e+06
118.1,5,-5.37871e+06,5.31368e+06,378955
118.1,6,-3.66404e+06,5.91175e+06,2.98049e+06
118.1,7,-5.15346e+06,5.39015e+06,1.29612e+06
118.1,8,-4.53076e+06,5.51398e+06,2.517e+06
118.1,9,-5.84428e+06,4.74723e+06,780981
119.1,0,-2.8924e+06,6.36298e+06,2.89922e+06
119.1,1,-3.93836e+06,6.20566e+06,1.80575e+06
119.1,2,-4.8253e+06,5.79761e+06,639231
119.1,3,-3.57331e+06,6.11565e+06,2.6635e+06
119.1,4,-4.56977e+06,5.83115e+06,1.54973e+06
119.1,5,-5.3817e+06,5.31107e+06,373273
119.1,6,-3.66889e+06,5.91123e+06,2.97557e+06
119.1,7,-5.15705e+06,5.38806e+06,1.29057e+06
119.1,8,-4.53521e+06,5.51268e+06,2.51184e+06
119.1,9,-5.84725e+06,4.74451e+06,775336
120.1,0,-2.89723e+06,6.36305e+06,2.89425e+06
120.1,1,-3.94254e+06,6.20459e+06,1.80032e+06
120.1,2,-4.82866e+06,5.79545e+06,633570
120.1,3,-3.57798e+06,6.11514e+06,2.65841e+06
120.1,4,-4.57368e+06,5.82956e+06,1.54423e+06
120.1,5,-5.38468e+06,5.30845e+06,367590
120.1,6,-3.67374e+06,5.9107e+06,2.97064e+06
120.1,7,-5.16062e+06,5.38598e+06,1.28501e+06
120.1,8,-4.53965e+06,5.51139e+06,2.50668e+06
120.1,9,-5.85021e+06,4.74179e+06,769691
121.1,0,-2.90206e+06,6.36312e+06,2.88928e+06
121.1,1,-3.94672e+06,6.20352e+06,1.7949e+06
121.1,2,-4.83201e+06,5.79328e+06,627909
121.1,3,-3.58266e+06,6.11463e+06,2.65332e+06
121.1,4,-4.57758e+06,5.82796e+06,1.53873e+06
121.1,5,-5.38766e+06,5.30583e+06,361907
121.1,6,-3.67858e+06,5.91018e+06,2.96571e+06
121.1,7,-5.16419e+06,5.38389e+06,1.27945e+06
121.1,8,-4.54409e+06,5.51008e+06,2.50152e+06
121.1,9,-5.85317e+06,4.73907e+06,764045
122.1,0,-2.90689e+06,6.36318e+06,2.88431e+06
122.1,1,-3.95089e+06,6.20244e+06,1.78947e+06
122.1,2,-4.83537e+06,5.7911e+06,622247
122.1,3,-3.58733e+06,6.1141e+06,2.64823e+06
122.1,4,-4.58148e+06,5.82635e+06,1.53323e+06
122.1,5,-5.39063e+06,5.3032e+06,356224
122.1,6,-3.68342e+06,5.90965e+06,2.96078e+06
122.1,7,-5.16776e+06,5.38179e+06,1.27389e+06
122.1,8,-4.54852e+06,5.50878e+06,2.49636e+06
122.1,9,-5.85612e+06,4.73634e+06,758398
123.1,0,-2.91171e+06,6.36324e+06,2.87933e+06
123.1,1,-3.95506e+06,6.20136e+06,1.78404e+06
123.1,2,-4.83871e+06,5.78892e+06,616584
123.1,3,-3.59199e+06,6.11358e+06,2.64313e+06
123.1,4,-4.58538e+06,5.82474e+06,1.52773e+06
123.1,5,-5.3936e+06,5.30057e+06,350540
123.1,6,-3.68825e+06,5.90911e+06,2.95584e+06
123.1,7,-5.17133e+06,5.37969e+06,1.26833e+06
123.1,8,-4.55295e+06,5.50747e+06,2.49119e+06
123.1,9,-5.85906e+06,4.73361e+06,752751
124.1,0,-2.91653e+06,6.36329e+06,2.87435e+06
124.1,1,-3.95923e+06,6.20027e+06,1.77861e+06
124.1,2,-4.84206e+06,5.78673e+06,610921
124.1,3,-3.59666e+06,6.11305e+06,2.63803e+06
124.1,4,-4.58927e+06,5.82312e+06,1.52223e+06
124.1,5,-5.39656e+06,5.29794e+06,344856
124.1,6,-3.69308e+06,5.90857e+06,2.95091e+06
124.1,7,-5.17488e+06,5.37759e+06,1.26277e+06
124.1,8,-4.55738e+06,5.50615e+06,2.48603e+06
124.1,9,-5.86201e+06,4.73087e+06,747103
125.1,0,-2.92134e+06,6.36334e+06,2.86937e+06
125.1,1,-3.96339e+06,6.19917e+06,1.77318e+06
125.1,2,-4.8454e+06,5.78454e+06,605257
125.1,3,-3.60132e+06,6.11251e+06,2.63293e+06
125.1,4,-4.59316e+06,5.8215e+06,1.51673e+06
125.1,5,-5.39952e+06,5.2953e+06,339172
125.1,6,-3.69791e+06,5.90802e+06,2.94597e+06
125.1,7,-5.17844e+06,5.37548e+06,1.2572e+06
125.1,8,-4.5618e+06,5.50483e+06,2.48086e+06
125.1,9,-5.86494e+06,4.72813e+06,741454
126.1,0,-2.92616e+06,6.36338e+06,2.86439e+06
126.1,1,-3.96755e+06,6.19807e+06,1.76774e+06
126.1,2,-4.84873e+06,5.78234e+06,599593
126.1,3,-3.60598e+06,6.11197e+06,2.62783e+06
126.1,4,-4.59704e+06,5.81988e+06,1.51122e+06
126.1,5,-5.40247e+06,5.29266e+06,333487
126.1,6,-3.70274e+06,5.90747e+06,2.94103e+06
126.1,7,-5.18199e+06,5.37337e+06,1.25164e+06
126.1,8,-4.56622e+06,5.50351e+06,2.47568e+06
126.1,9,-5.86787e+06,4.72539e+06,735805
127.1,0,-2.93097e+06,6.36342e+06,2.8594e+06
127.1,1,-3.9717e+06,6.19697e+06,1.76231e+06
127.1,2,-4.85206e+06,5.78014e+06,593928
127.1,3,-3.61063e+06,6.11142e+06,2.62273e+06
127.1,4,-4.60092e+06,5.81825e+06,1.50572e+06
127.1,5,-5.40542e+06,5.29001e+06,327803
127.1,6,-3.70756e+06,5.90691e+06,2.93608e+06
127.1,7,-5.18554e+06,5.37125e+06,1.24607e+06
127.1,8,-4.57063e+06,5.50218e+06,2.47051e+06
127.1,9,-5.8708e+06,4.72264e+06,730155
128.1,0,-2.93578e+06,6.36345e+06,2.85441e+06
128.1,1,-3.97585e+06,6.19586e+06,1.75687e+06
128.1,2,-4.85539e+06,5.77794e+06,588263
128.1,3,-3.61528e+06,6.11087e+06,2.61762e+06
128.1,4,-4.6048e+06,5.81661e+06,1.50021e+06
128.1,5,-5.40837e+06,5.28736e+06,322117
128.1,6,-3.71238e+06,5.90635e+06,2.93113e+06
128.1,7,-5.18908e+06,5.36913e+06,1.24051e+06
128.1,8,-4.57504e+06,5.50084e+06,2.46533e+06
128.1,9,-5.87372e+06,4.71989e+06,724504
129.1,0,-2.94058e+06,6.36347e+06,2.84942e+06
129.1,1,-3.98e+06,6.19474e+06,1.75143e+06
129.1,2,-4.85871e+06,5.77572e+06,582597
129.1,3,-3.61993e+06,6.11032e+06,2.61251e+06
129.1,4,-4.60867e+06,5.81497e+06,1.4947e+06
129.1,5,-5.41131e+06,5.2847e+06,316432
129.1,6,-3.71719e+06,5.90579e+06,2.92618e+06
129.1,7,-5.19261e+06,5.367e+06,1.23494e+06
129.1,8,-4.57945e+06,5.49951e+06,2.46015e+06
129.1,9,-5.87664e+06,4.71713e+06,718853
130.1,0,-2.94539e+06,6.3635e+06,2.84443e+06
130.1,1,-3.98415e+06,6.19362e+06,1.74599e+06
130.1,2,-4.86203e+06,5.77351e+06,576930
130.1,3,-3.62457e+06,6.10976e+06,2.6074e+06
130.1,4,-4.61254e+06,5.81333e+06,1.48919e+06
130.1,5,-5.41425e+06,5.28204e+06,310746
130.1,6,-3.722e+06,5.90522e+06,2.92123e+06
130.1,7,-5.19615e+06,5.36487e+06,1.22937e+06
130.1,8,-4.58385e+06,5.49816e+06,2.45497e+06
130.1,9,-5.87955e+06,4.71437e+06,713201
131.1,0,-2.95019e+06,6.36351e+06,2.83943e+06
131.1,1,-3.98829e+06,6.1925e+06,1.74055e+06
131.1,2,-4.86535e+06,5.77129e+06,571264
131.1,3,-3.62921e+06,6.10919e+06,2.60228e+06
131.1,4,-4.6164e+06,5.81168e+06,1.48368e+06
131.1,5,-5.41718e+06,5.27938e+06,305060
131.1,6,-3.72681e+06,5.90465e+06,2.91627e+06
131.1,7,-5.19967e+06,5.36274e+06,1.2238e+06
131.1,8,-4.58825e+06,5.49682e+06,2.44979e+06
131.1,9,-5.88245e+06,4.71161e+06,707548
132.1,0,-2.95499e+06,6.36352e+06,2.83443e+06
132.1,1,-3.99243e+06,6.19137e+06,1.73511e+06
132.1,2,-4.86866e+06,5.76906e+06,565596
132.1,3,-3.63385e+06,6.10862e+06,2.59716e+06
132.1,4,-4.62026e+06,5.81003e+06,1.47816e+06
132.1,5,-5.42011e+06,5.27671e+06,299374
132.1,6,-3.73162e+06,5.90407e+06,2.91131e+06
132.1,7,-5.2032e+06,5.3606e+06,1.21823e+06
132.1,8,-4.59264e+06,5.49547e+06,2.4446e+06
132.1,9,-5.88535e+06,4.70884e+06,701895
133.1,0,-2.95978e+06,6.36353e+06,2.82943e+06
133.1,1,-3.99656e+06,6.19023e+06,1.72966e+06
133.1,2,-4.87197e+06,5.76683e+06,559928
133.1,3,-3.63849e+06,6.10804e+06,2.59204e+06
133.1,4,-4.62412e+06,5.80837e+06,1.47265e+06
133.1,5,-5.42303e+06,5.27403e+06,293687
133.1,6,-3.73642e+06,5.90348e+06,2.90635e+06
133.1,7,-5.20672e+06,5.35845e+06,1.21265e+06
133.1,8,-4.59703e+06,5.49411e+06,2.43941e+06
133.1,9,-5.88825e+06,4.70607e+06,696241
134.1,0,-2.96457e+06,6.36353e+06,2.82442e+06
134.1,1,-4.00069e+06,6.18909e+06,1.72421e+06
134.1,2,-4.87527e+06,5.7646e+06,554259
134.1,3,-3.64312e+06,6.10746e+06,2.58692e+06
134.1,4,-4.62797e+06,5.8067e+06,1.46713e+06
134.1,5,-5.42595e+06,5.27135e+06,288000
134.1,6,-3.74122e+06,5.90289e+06,2.90139e+06
134.1,7,-5.21023e+06,5.35631e+06,1.20708e+06
134.1,8,-4.60142e+06,5.49275e+06,2.43422e+06
134.1,9,-5.89114e+06,4.7033e+06,690586
135.1,0,-2.96936e+06,6.36353e+06,2.81942e+06
135.1,1,-4.00482e+06,6.18795e+06,1.71876e+06
135.1,2,-4.87857e+06,5.76236e+06,548590
135.1,3,-3.64775e+06,6.10688e+06,2.5818e+06
135.1,4,-4.63182e+06,5.80504e+06,1.46162e+06
135.1,5,-5.42886e+06,5.26867e+06,282313
135.1,6,-3.74601e+06,5.9023e+06,2.89642e+06
135.1,7,-5.21374e+06,5.35415e+06,1.2015e+06
135.1,8,-4.6058e+06,5.49139e+06,2.42903e+06
135.1,9,-5.89403e+06,4.70052e+06,684931
136.1,0,-2.97415e+06,6.36352e+06,2.81441e+06
136.1,1,-4.00894e+06,6.1868e+06,1.71331e+06
136.1,2,-4.88186e+06,5.76012e+06,542921
136.1,3,-3.65237e+06,6.10629e+06,2.57667e+06
136.1,4,-4.63567e+06,5.80336e+06,1.4561e+06
136.1,5,-5.43177e+06,5.26598e+06,276626
136.1,6,-3.75081e+06,5.9017e+06,2.89145e+06
136.1,7,-5.21725e+06,5.352e+06,1.19593e+06
136.1,8,-4.61017e+06,5.49002e+06,2.42383e+06
136.1,9,-5.89691e+06,4.69774e+06,679275
137.1,0,-2.97894e+06,6.3635e+06,2.80939e+06
137.1,1,-4.01306e+06,6.18564e+06,1.70786e+06
137.1,2,-4.88515e+06,5.75787e+06,537251
137.1,3,-3.65699e+06,6.10569e+06,2.57154e+06
137.1,4,-4.63951e+06,5.80169e+06,1.45058e+06
137.1,5,-5.43467e+06,5.26329e+06,270938
137.1,6,-3.7556e+06,5.9011e+06,2.88648e+06
137.1,7,-5.22075e+06,5.34983e+06,1.19035e+06
137.1,8,-4.61455e+06,5.48865e+06,2.41864e+06
137.1,9,-5.89979e+06,4.69495e+06,673618
138.1,0,-2.98372e+06,6.36348e+06,2.80438e+06
138.1,1,-4.01718e+06,6.18448e+06,1.70241e+06
138.1,2,-4.88844e+06,5.75561e+06,531580
138.1,3,-3.66161e+06,6.10509e+06,2.56641e+06
138.1,4,-4.64334e+06,5.8e+06,1.44506e+06
138.1,5,-5.43757e+06,5.2606e+06,265250
138.1,6,-3.76038e+06,5.90049e+06,2.88151e+06
138.1,7,-5.22425e+06,5.34767e+06,1.18477e+06
138.1,8,-4.61892e+06,5.48727e+06,2.41344e+06
138.1,9,-5.90266e+06,4.69216e+06,667961
139.1,0,-2.9885e+06,6.36346e+06,2.79936e+06
139.1,1,-4.02129e+06,6.18332e+06,1.69696e+06
139.1,2,-4.89172e+06,5.75335e+06,525909
139.1,3,-3.66623e+06,6.10449e+06,2.56128e+06
139.1,4,-4.64718e+06,5.79832e+06,1.43953e+06
139.1,5,-5.44047e+06,5.2579e+06,259562
139.1,6,-3.76516e+06,5.89988e+06,2.87653e+06
139.1,7,-5.22774e+06,5.3455e+06,1.17919e+06
139.1,8,-4.62328e+06,5.48589e+06,2.40824e+06
139.1,9,-5.90552e+06,4.68937e+06,662303
140.1,0,-2.99327e+06,6.36343e+06,2.79434e+06
140.1,1,-4.0254e+06,6.18215e+06,1.6915e+06
140.1,2,-4.895e+06,5.75109e+06,520238
140.1,3,-3.67084e+06,6.10388e+06,2.55614e+06
140.1,4,-4.651e+06,5.79663e+06,1.43401e+06
140.1,5,-5.44336e+06,5.25519e+06,253874
140.1,6,-3.76994e+06,5.89926e+06,2.87155e+06
140.1,7,-5.23123e+06,5.34332e+06,1.17361e+06
140.1,8,-4.62765e+06,5.4845e+06,2.40303e+06
140.1,9,-5.90838e+06,4.68657e+06,656645
141.1,0,-2.99805e+06,6.36339e+06,2.78932e+06
141.1,1,-4.02951e+06,6.18097e+06,1.68604e+06
141.1,2,-4.89827e+06,5.74882e+06,514566
141.1,3,-3.67545e+06,6.10326e+06,2.551e+06
141.1,4,-4.65483e+06,5.79493e+06,1.42848e+06
141.1,5,-5.44624e+06,5.25248e+06,248185
141.1,6,-3.77472e+06,5.89864e+06,2.86657e+06
141.1,7,-5.23471e+06,5.34115e+06,1.16803e+06
141.1,8,-4.632e+06,5.48311e+06,2.39783e+06
141.1,9,-5.91124e+06,4.68377e+06,650986
142.1,0,-3.00282e+06,6.36335e+06,2.78429e+06
142.1,1,-4.03361e+06,6.17979e+06,1.68058e+06
142.1,2,-4.90154e+06,5.74655e+06,508893
142.1,3,-3.68005e+06,6.10264e+06,2.54586e+06
142.1,4,-4.65865e+06,5.79323e+06,1.42296e+06
142.1,5,-5.44913e+06,5.24977e+06,242496
142.1,6,-3.77949e+06,5.89802e+06,2.86158e+06
142.1,7,-5.23819e+06,5.33896e+06,1.16245e+06
142.1,8,-4.63636e+06,5.48172e+06,2.39262e+06
142.1,9,-5.91409e+06,4.68096e+06,645326
143.1,0,-3.00759e+06,6.36331e+06,2.77926e+06
143.1,1,-4.03771e+06,6.1786e+06,1.67512e+06
143.1,2,-4.9048e+06,5.74427e+06,503220
143.1,3,-3.68466e+06,6.10202e+06,2.54072e+06
143.1,4,-4.66247e+06,5.79152e+06,1.41743e+06
143.1,5,-5.452e+06,5.24705e+06,236807
143.1,6,-3.78426e+06,5.89739e+06,2.85659e+06
143.1,7,-5.24166e+06,5.33678e+06,1.15686e+06
143.1,8,-4.64071e+06,5.48032e+06,2.38741e+06
143.1,9,-5.91694e+06,4.67815e+06,639666
144.1,0,-3.01235e+06,6.36326e+06,2.77423e+06
144.1,1,-4.04181e+06,6.17741e+06,1.66966e+06
144.1,2,-4.90807e+06,5.74199e+06,497547
144.1,3,-3.68925e+06,6.10139e+06,2.53557e+06
144.1,4,-4.66628e+06,5.78981e+06,1.4119e+06
144.1,5,-5.45488e+06,5.24433e+06,231118
144.1,6,-3.78902e+06,5.89675e+06,2.8516e+06
144.1,7,-5.24513e+06,5.33458e+06,1.15128e+06
144.1,8,-4.64505e+06,5.47892e+06,2.38219e+06
144.1,9,-5.91978e+06,4.67534e+06,634005
145.1,0,-3.01711e+06,6.3632e+06,2.7692e+06
145.1,1,-4.0459e+06,6.17622e+06,1.66419e+06
145.1,2,-4.91132e+06,5.7397e+06,491873
145.1,3,-3.69385e+06,6.10075e+06,2.53042e+06
145.1,4,-4.67009e+06,5.7881e+06,1.40637e+06
145.1,5,-5.45774e+06,5.2416e+06,225429
145.1,6,-3.79378e+06,5.89611e+06,2.84661e+06
145.1,7,-5.2486e+06,5.33239e+06,1.14569e+06
145.1,8,-4.64939e+06,5.47751e+06,2.37698e+06
145.1,9,-5.92262e+06,4.67252e+06,628344
146.1,0,-3.02187e+06,6.36314e+06,2.76416e+06
146.1,1,-4.04999e+06,6.17502e+06,1.65873e+06
146.1,2,-4.91458e+06,5.73741e+06,486199
146.1,3,-3.69844e+06,6.10011e+06,2.52527e+06
146.1,4,-4.67389e+06,5.78638e+06,1.40084e+06
146.1,5,-5.46061e+06,5.23887e+06,219739
146.1,6,-3.79854e+06,5.89547e+06,2.84161e+06
146.1,7,-5.25206e+06,5.33019e+06,1.14011e+06
146.1,8,-4.65373e+06,5.4761e+06,2.37176e+06
146.1,9,-5.92545e+06,4.6697e+06,622682
147.1,0,-3.02663e+06,6.36307e+06,2.75912e+06
147.1,1,-4.05408e+06,6.17381e+06,1.65326e+06
147.1,2,-4.91782e+06,5.73511e+06,480524
147.1,3,-3.70303e+06,6.09947e+06,2.52012e+06
147.1,4,-4.67769e+06,5.78465e+06,1.3953e+06
147.1,5,-5.46346e+06,5.23614e+06,214049
147.1,6,-3.8033e+06,5.89482e+06,2.83661e+06
147.1,7,-5.25552e+06,5.32798e+06,1.13452e+06
147.1,8,-4.65806e+06,5.47468e+06,2.36654e+06
147.1,9,-5.92827e+06,4.66688e+06,617020
148.1,0,-3.03138e+06,6.363e+06,2.75408e+06
148.1,1,-4.05816e+06,6.1726e+06,1.64779e+06
148.1,2,-4.92107e+06,5.73281e+06,474849
148.1,3,-3.70762e+06,6.09882e+06,2.51497e+06
148.1,4,-4.68149e+06,5.78292e+06,1.38977e+06
148.1,5,-5.46632e+06,5.2334e+06,208359
148.1,6,-3.80805e+06,5.89416e+06,2.83161e+06
148.1,7,-5.25897e+06,5.32577e+06,1.12893e+06
148.1,8,-4.66239e+06,5.47326e+06,2.36132e+06
148.1,9,-5.9311e+06,4.66405e+06,611356
149.1,0,-3.03614e+06,6.36293e+06,2.74904e+06
149.1,1,-4.06224e+06,6.17138e+06,1.64232e+06
149.1,2,-4.92431e+06,5.73051e+06,469173
149.1,3,-3.7122e+06,6.09817e+06,2.50981e+06
149.1,4,-4.68528e+06,5.78119e+06,1.38423e+06
149.1,5,-5.46917e+06,5.23065e+06,202668
149.1,6,-3.8128e+06,5.8935e+06,2.82661e+06
149.1,7,-5.26241e+06,5.32356e+06,1.12334e+06
149.1,8,-4.66672e+06,5.47183e+06,2.3561e+06
149.1,9,-5.93391e+06,4.66121e+06,605693
150.1,0,-3.04088e+06,6.36284e+06,2.74399e+06
150.1,1,-4.06631e+06,6.17016e+06,1.63685e+06
150.1,2,-4.92755e+06,5.7282e+06,463497
150.1,3,-3.71678e+06,6.09751e+06,2.50465e+06
150.1,4,-4.68907e+06,5.77945e+06,1.3787e+06
150.1,5,-5.47201e+06,5.2279e+06,196978
150.1,6,-3.81754e+06,5.89284e+06,2.8216e+06
150.1,7,-5.26586e+06,5.32134e+06,1.11775e+06
150.1,8,-4.67104e+06,5.4704e+06,2.35087e+06
150.1,9,-5.93672e+06,4.65838e+06,600029
151.1,0,-3.04563e+06,6.36276e+06,2.73895e+06
151.1,1,-4.07038e+06,6.16894e+06,1.63138e+06
151.1,2,-4.93078e+06,5.72588e+06,457820
151.1,3,-3.72135e+06,6.09684e+06,2.49949e+06
151.1,4,-4.69285e+06,5.7777e+06,1.37316e+06
151.1,5,-5.47485e+06,5.22515e+06,191287
151.1,6,-3.82228e+06,5.89217e+06,2.8166e+06
151.1,7,-5.2693e+06,5.31912e+06,1.11216e+06
151.1,8,-4.67536e+06,5.46897e+06,2.34564e+06
151.1,9,-5.93953e+06,4.65554e+06,594364
152.1,0,-3.05037e+06,6.36267e+06,2.7339e+06
152.1,1,-4.07445e+06,6.1677e+06,1.6259e+06
152.1,2,-4.934e+06,5.72356e+06,452144
152.1,3,-3.72593e+06,6.09617e+06,2.49432e+06
152.1,4,-4.69663e+06,5.77595e+06,1.36762e+06
152.1,5,-5.47769e+06,5.22239e+06,185596
152.1,6,-3.82702e+06,5.8915e+06,2.81158e+06
152.1,7,-5.27273e+06,5.31689e+06,1.10656e+06
152.1,8,-4.67967e+06,5.46753e+06,2.34041e+06
152.1,9,-5.94233e+06,4.65269e+06,588698
153.1,0,-3.05511e+06,6.36257e+06,2.72884e+06
153.1,1,-4.07851e+06,6.16647e+06,1.62043e+06
153.1,2,-4.93723e+06,5.72123e+06,446466
153.1,3,-3.7305e+06,6.0955e+06,2.48916e+06
153.1,4,-4.70041e+06,5.7742e+06,1.36208e+06
153.1,5,-5.48052e+06,5.21963e+06,179905
153.1,6,-3.83176e+06,5.89082e+06,2.80657e+06
153.1,7,-5.27616e+06,5.31466e+06,1.10097e+06
153.1,8,-4.68398e+06,5.46609e+06,2.33518e+06
153.1,9,-5.94513e+06,4.64984e+06,583033
154.1,0,-3.05985e+06,6.36247e+06,2.72379e+06
154.1,1,-4.08257e+06,6.16523e+06,1.61495e+06
154.1,2,-4.94045e+06,5.7189e+06,440788
154.1,3,-3.73506e+06,6.09482e+06,2.48399e+06
154.1,4,-4.70418e+06,5.77244e+06,1.35654e+06
154.1,5,-5.48335e+06,5.21686e+06,174214
154.1,6,-3.83649e+06,5.89014e+06,2.80155e+06
154.1,7,-5.27959e+06,5.31243e+06,1.09537e+06
154.1,8,-4.68828e+06,5.46464e+06,2.32995e+06
154.1,9,-5.94792e+06,4.64699e+06,577366
155.1,0,-3.06459e+06,6.36236e+06,2.71873e+06
155.1,1,-4.08663e+06,6.16398e+06,1.60947e+06
155.1,2,-4.94366e+06,5.71657e+06,435110
155.1,3,-3.73962e+06,6.09414e+06,2.47882e+06
155.1,4,-4.70795e+06,5.77068e+06,1.35099e+06
155.1,5,-5.48617e+06,5.21409e+06,168523
155.1,6,-3.84122e+06,5.88945e+06,2.79653e+06
155.1,7,-5.28301e+06,5.31019e+06,1.08978e+06
155.1,8,-4.69258e+06,5.46319e+06,2.32471e+06
155.1,9,-5.9507e+06,4.64414e+06,571699
156.1,0,-3.06932e+06,6.36225e+06,2.71367e+06
156.1,1,-4.09069e+06,6.16273e+06,1.60399e+06
156.1,2,-4.94687e+06,5.71423e+06,429432
156.1,3,-3.74418e+06,6.09345e+06,2.47364e+06
156.1,4,-4.71172e+06,5.76891e+06,1.34545e+06
156.1,5,-5.48898e+06,5.21132e+06,162831
156.1,6,-3.84594e+06,5.88876e+06,2.79151e+06
156.1,7,-5.28642e+06,5.30794e+06,1.08418e+06
156.1,8,-4.69688e+06,5.46173e+06,2.31947e+06
156.1,9,-5.95349e+06,4.64128e+06,566032
157.1,0,-3.07405e+06,6.36213e+06,2.7086e+06
157.1,1,-4.09474e+06,6.16147e+06,1.59851e+06
157.1,2,-4.95008e+06,5.71188e+06,423753
157.1,3,-3.74874e+06,6.09276e+06,2.46847e+06
157.1,4,-4.71548e+06,5.76714e+06,1.3399e+06
157.1,5,-5.4918e+06,5.20854e+06,157140
157.1,6,-3.85066e+06,5.88806e+06,2.78649e+06
157.1,7,-5.28983e+06,5.30569e+06,1.07858e+06
157.1,8,-4.70117e+06,5.46027e+06,2.31423e+06
157.1,9,-5.95626e+06,4.63841e+06,560364
158.1,0,-3.07877e+06,6.36201e+06,2.70354e+06
158.1,1,-4.09878e+06,6.16021e+06,1.59302e+06
158.1,2,-4.95328e+06,5.70953e+06,418073
158.1,3,-3.75329e+06,6.09206e+06,2.46329e+06
158.1,4,-4.71923e+06,5.76536e+06,1.33436e+06
158.1,5,-5.4946e+06,5.20576e+06,151448
158.1,6,-3.85538e+06,5.88736e+06,2.78146e+06
158.1,7,-5.29324e+06,5.30344e+06,1.07298e+06
158.1,8,-4.70546e+06,5.45881e+06,2.30899e+06
158.1,9,-5.95903e+06,4.63555e+06,554695
159.1,0,-3.0835e+06,6.36188e+06,2.69847e+06
159.1,1,-4.10282e+06,6.15895e+06,1.58754e+06
159.1,2,-4.95648e+06,5.70718e+06,412394
159.1,3,-3.75784e+06,6.09135e+06,2.45811e+06
159.1,4,-4.72298e+06,5.76358e+06,1.32881e+06
159.1,5,-5.49741e+06,5.20297e+06,145756
159.1,6,-3.86009e+06,5.88665e+06,2.77643e+06
159.1,7,-5.29664e+06,5.30118e+06,1.06738e+06
159.1,8,-4.70975e+06,5.45734e+06,2.30374e+06
159.1,9,-5.9618e+06,4.63267e+06,549026
160.1,0,-3.08822e+06,6.36175e+06,2.6934e+06
160.1,1,-4.10686e+06,6.15767e+06,1.58205e+06
160.1,2,-4.95968e+06,5.70482e+06,406713
160.1,3,-3.76239e+06,6.09065e+06,2.45293e+06
160.1,4,-4.72673e+06,5.76179e+06,1.32326e+06
160.1,5,-5.50021e+06,5.20018e+06,140064
160.1,6,-3.8648e+06,5.88594e+06,2.7714e+06
160.1,7,-5.30004e+06,5.29892e+06,1.06178e+06
160.1,8,-4.71403e+06,5.45587e+06,2.29849e+06
160.1,9,-5.96456e+06,4.6298e+06,543357
161.1,0,-3.09294e+06,6.36161e+06,2.68832e+06
161.1,1,-4.1109e+06,6.1564e+06,1.57656e+06
161.1,2,-4.96287e+06,5.70246e+06,401033
161.1,3,-3.76693e+06,6.08993e+06,2.44774e+06
161.1,4,-4.73048e+06,5.76e+06,1.31771e+06
161.1,5,-5.503e+06,5.19738e+06,134372
161.1,6,-3.86951e+06,5.88523e+06,2.76636e+06
161.1,7,-5.30343e+06,5.29665e+06,1.05618e+06
161.1,8,-4.7183e+06,5.45439e+06,2.29324e+06
161.1,9,-5.96732e+06,4.62692e+06,537687
162.1,0,-3.09765e+06,6.36147e+06,2.68325e+06
162.1,1,-4.11493e+06,6.15512e+06,1.57107e+06
162.1,2,-4.96605e+06,5.70009e+06,395352
162.1,3,-3.77147e+06,6.08922e+06,2.44256e+06
162.1,4,-4.73421e+06,5.75821e+06,1.31215e+06
162.1,5,-5.50579e+06,5.19458e+06,128680
162.1,6,-3.87422e+06,5.88451e+06,2.76133e+06
162.1,7,-5.30682e+06,5.29438e+06,1.05058e+06
162.1,8,-4.72257e+06,5.45291e+06,2.28799e+06
162.1,9,-5.97007e+06,4.62404e+06,532016
163.1,0,-3.10237e+06,6.36132e+06,2.67817e+06
163.1,1,-4.11896e+06,6.15383e+06,1.56558e+06
163.1,2,-4.96923e+06,5.69772e+06,389671
163.1,3,-3.77601e+06,6.08849e+06,2.43737e+06
163.1,4,-4.73795e+06,5.75641e+06,1.3066e+06
163.1,5,-5.50857e+06,5.19177e+06,122987
163.1,6,-3.87892e+06,5.88378e+06,2.75629e+06
163.1,7,-5.31021e+06,5.29211e+06,1.04497e+06
163.1,8,-4.72684e+06,5.45142e+06,2.28274e+06
163.1,9,-5.97281e+06,4.62115e+06,526345
