time_sec,sinr_db
0.0615532,7.6294
0.0629667,6.31489
0.0644805,6.06936
0.0647095,3.56998
0.0647501,2.04396
0.0666317,7.63048
0.0680451,6.31292
0.0695589,6.06767
0.069788,3.57181
0.0698286,2.0457
0.111524,7.64019
0.112937,6.29516
0.114451,6.05249
0.11468,3.58819
0.114721,2.06132
0.161517,7.65093
0.16293,6.27534
0.164444,6.03552
0.164673,3.60632
0.164714,2.07863
0.166627,7.652
0.16804,6.27335
0.169553,6.03382
0.169783,3.60813
0.169823,2.08036
0.211551,7.66162
0.212963,6.25541
0.214476,6.01844
0.214706,3.62438
0.214746,2.0959
0.261544,7.67226
0.262956,6.23537
0.264469,6.00124
0.264699,3.64236
0.264739,2.11311
0.266654,7.67332
0.268066,6.23337
0.269579,5.99952
0.269809,3.64416
0.269849,2.11483
0.311546,7.68284
0.312958,6.21523
0.314471,5.98394
0.314701,3.66028
0.314741,2.13028
0.361539,7.69338
0.362951,6.19498
0.364464,5.96653
0.364694,3.67812
0.364734,2.1474
0.366618,7.69443
0.36803,6.19295
0.369542,5.96478
0.369772,3.6799
0.369812,2.14911
0.411572,7.70387
0.412984,6.17463
0.414496,5.94899
0.414727,3.6959
0.414767,2.16447
0.461566,7.71431
0.462977,6.15416
0.464489,5.93135
0.46472,3.7136
0.46476,2.1815
0.466644,7.71535
0.468056,6.15211
0.469568,5.92958
0.469798,3.71537
0.469838,2.1832
0.511537,7.7247
0.512948,6.13358
0.51446,5.91359
0.51469,3.73124
0.51473,2.19847
0.56153,7.73504
0.562941,6.11289
0.564453,5.89571
0.564683,3.7488
0.564723,2.21541
0.56664,7.73607
0.56805,6.11081
0.569562,5.89392
0.569793,3.75055
0.569833,2.2171
0.611563,7.74533
0.612974,6.09209
0.614485,5.87772
0.614716,3.7663
0.614756,2.23229
0.661557,7.75557
0.662967,6.07117
0.664478,5.8596
0.664709,3.78373
0.664749,2.24913
0.666635,7.75659
0.668045,6.06907
0.669557,5.85779
0.669788,3.78547
0.669827,2.25082
0.711559,7.76576
0.712968,6.05014
0.71448,5.84137
0.714711,3.80109
0.71475,2.26593
0.761552,7.77591
0.762962,6.02899
0.764473,5.82302
0.764704,3.81839
0.764744,2.28268
0.766631,7.77692
0.76804,6.02687
0.769551,5.82117
0.769782,3.82011
0.769822,2.28435
0.811585,7.78601
0.812994,6.00772
0.814505,5.80454
0.814737,3.83562
0.814776,2.29939
0.861579,7.79607
0.862988,5.98633
0.864498,5.78593
0.86473,3.85278
0.864769,2.31604
0.866626,7.79707
0.868035,5.98419
0.869546,5.78407
0.869777,3.85449
0.869817,2.31771
0.91155,7.80607
0.912958,5.96483
0.914469,5.76721
0.9147,3.86988
0.91474,2.33266
0.961543,7.81603
0.962951,5.9432
0.964461,5.74835
0.964693,3.88691
0.964733,2.34923
0.966653,7.81703
0.968061,5.94103
0.969571,5.74646
0.969803,3.88861
0.969842,2.35089
1.01158,7.82595
1.01298,5.92145
1.01449,5.72937
1.01473,3.90388
1.01477,2.36576
1.06157,7.83582
1.06298,5.89958
1.06449,5.71026
1.06472,3.92079
1.06476,2.38224
1.06662,7.8368
1.06802,5.89738
1.06953,5.70834
1.06977,3.92247
1.06981,2.38389
1.11157,7.84564
1.11298,5.87757
1.11449,5.69102
1.11472,3.93763
1.11476,2.39868
1.16156,7.85542
1.16297,5.85545
1.16448,5.67165
1.16471,3.95441
1.16475,2.41508
1.16664,7.8564
1.16805,5.85323
1.16956,5.6697
1.16979,3.95609
1.16983,2.41672
1.21157,7.86515
1.21297,5.83319
1.21448,5.65214
1.21472,3.97113
1.21475,2.43143
1.26159,7.87484
1.263,5.81081
1.26451,5.6325
1.26474,3.98778
1.26478,2.44774
1.26664,7.87581
1.26805,5.80857
1.26955,5.63053
1.26979,3.98945
1.26983,2.44937
1.31159,7.88449
1.313,5.7883
1.31451,5.61272
1.31474,4.00438
1.31478,2.46401
1.36159,7.89409
1.36299,5.76565
1.3645,5.59281
1.36473,4.02091
1.36477,2.48024
1.36663,7.89505
1.36804,5.76338
1.36955,5.59081
1.36978,4.02256
1.36982,2.48186
1.41156,7.90365
1.41296,5.74287
1.41447,5.57276
1.41471,4.03739
1.41474,2.49642
1.46158,7.91316
1.46299,5.71995
1.4645,5.55256
1.46473,4.0538
1.46477,2.51256
1.46663,7.91411
1.46804,5.71765
1.46954,5.55053
1.46978,4.05544
1.46982,2.51417
1.51158,7.92263
1.51299,5.6969
1.5145,5.53223
1.51473,4.07015
1.51477,2.52866
1.56158,7.93206
1.56298,5.67371
1.56449,5.51175
1.56472,4.08645
1.56476,2.54472
1.56666,7.933
1.56806,5.67138
1.56957,5.50969
1.5698,4.08807
1.56984,2.54632
1.61158,7.94144
1.61298,5.65038
1.61449,5.49122
1.61473,4.10269
1.61476,2.56104
1.6616,7.95693
1.66301,5.63155
1.66452,5.47436
1.66475,4.11912
1.66479,2.58867
1.66665,7.9585
1.66806,5.62967
1.66956,5.47267
1.6698,4.12076
1.66984,2.59142
1.71161,7.97255
1.71301,5.61273
1.71452,5.45744
1.71475,4.13546
1.71479,2.61617
1.7616,7.98808
1.763,5.59387
1.76451,5.44046
1.76474,4.15171
1.76478,2.64354
1.76665,7.98962
1.76805,5.59198
1.76956,5.43876
1.76979,4.15333
1.76983,2.64627
1.81157,8.00352
1.81297,5.57496
1.81448,5.42342
1.81472,4.16787
1.81475,2.67078
1.8616,8.01887
1.863,5.55601
1.8645,5.40632
1.86474,4.18394
1.86478,2.6979
1.86664,8.0204
1.86805,5.55411
1.86955,5.40461
1.86979,4.18554
1.86983,2.7006
1.9116,8.03414
1.913,5.537
1.91451,5.38916
1.91474,4.19991
1.91478,2.72489
1.96159,8.04932
1.96299,5.51796
1.9645,5.37194
1.96473,4.2158
1.96477,2.75176
1.96664,8.05083
1.96804,5.51605
1.96955,5.37021
1.96978,4.21739
1.96982,2.75444
2.01159,8.06442
2.01299,5.49886
2.0145,5.35465
2.01474,4.23161
2.01477,2.7785
2.02501,5.49427
2.02652,5.35049
2.02679,2.7849
2.06159,8.07943
2.063,5.47972
2.0645,5.3373
2.06474,4.24732
2.06478,2.80512
2.06667,8.08093
2.06808,5.47781
2.06958,5.33557
2.06982,4.24889
2.06985,2.80778
2.1116,8.09436
2.113,5.46053
2.1145,5.31989
2.11474,4.26295
2.11478,2.83163
2.16162,8.10921
2.16302,5.4413
2.16453,5.30242
2.16476,4.2785
2.1648,2.85801
2.16664,8.11069
2.16804,5.43937
2.16954,5.30067
2.16978,4.28005
2.16982,2.86064
2.21159,8.12397
2.21191,8.12397
2.21299,5.42201
2.21331,5.42201
2.2145,5.28488
2.21473,4.29395
2.21477,2.88427
2.21482,5.28488
2.21505,4.29395
2.21509,2.88427
2.26159,8.13866
2.26299,5.40268
2.2645,5.26728
2.26474,4.30933
2.26477,2.91042
2.26664,8.14012
2.26804,5.40075
2.26955,5.26552
2.26978,4.31086
2.26982,2.91303
2.3116,8.15326
2.313,5.3833
2.3145,5.24962
2.31474,4.32462
2.31477,2.93646
2.36159,8.16779
2.36299,5.36387
2.36449,5.23188
2.36473,4.33983
2.36477,2.96237
2.36667,8.16924
2.36807,5.36192
2.36957,5.23011
2.36981,4.34135
2.36985,2.96496
2.41162,8.18224
2.41194,8.18224
2.41302,5.34439
2.41334,5.344
2.41453,5.21409
2.41476,4.35496
2.4148,2.98818
2.41508,4.35496
2.46162,8.19661
2.46302,5.32486
2.46453,5.19622
2.46476,4.37
2.4648,3.01387
2.46664,8.19804
2.46804,5.32291
2.46954,5.19443
2.46978,4.3715
2.46982,3.01643
2.5116,8.2109
2.51299,5.30528
2.5145,5.17829
2.51474,4.38497
2.51477,3.03945
2.56159,8.22511
2.56299,5.28565
2.56449,5.1603
2.56473,4.39985
2.56477,3.06492
2.56664,8.22653
2.56804,5.28369
2.56954,5.15849
2.56978,4.40134
2.56981,3.06746
2.61162,8.23925
2.61194,8.23925
2.61302,5.26598
2.61334,5.26558
2.61452,5.14223
2.61476,4.41466
2.6148,3.09028
2.61508,4.41466
2.66162,8.25331
2.66302,5.24625
2.66453,5.1241
2.66476,4.42939
2.6648,3.11553
2.66667,8.25472
2.66807,5.24427
2.66957,5.12228
2.66981,4.43086
2.66985,3.11805
2.71163,8.2673
2.71302,5.22647
2.71453,5.1059
2.71476,4.44404
2.7148,3.14068
2.76162,8.28122
2.76302,5.20664
2.76452,5.08762
2.76476,4.45861
2.76479,3.16572
2.76667,8.2826
2.76806,5.20465
2.76957,5.08579
2.76981,4.46006
2.76984,3.16821
2.81162,8.29505
2.81194,8.29505
2.81302,5.18689
2.81334,5.1865
2.81452,5.0694
2.81476,4.47267
2.8148,3.19073
2.81508,4.47267
2.86162,8.30878
2.86302,5.16752
2.86452,5.05136
2.86476,4.48561
2.8648,3.21581
2.86664,8.31015
2.86804,5.16558
2.86954,5.04955
2.86978,4.4869
2.86981,3.21831
2.91162,8.32243
2.91302,5.14809
2.91452,5.03323
2.91476,4.49853
2.9148,3.24076
2.96162,8.33602
2.96302,5.12862
2.96452,5.015
2.96476,4.51142
2.96479,3.26559
2.96667,8.33737
2.96806,5.12667
2.96956,5.01317
2.9698,4.51271
2.96984,3.26806
3.01165,8.34953
3.01197,8.34953
3.01305,5.10911
3.01337,5.10871
3.01455,4.99668
3.01479,4.52429
3.01482,3.29029
3.01511,4.52429
3.06165,8.36296
3.06305,5.08954
3.06455,4.97825
3.06479,4.53714
3.06483,3.31488
3.06667,8.36431
3.06807,5.08758
3.06957,4.9764
3.06981,4.53843
3.06984,3.31733
3.11162,8.37633
3.11302,5.06993
3.11452,4.95973
3.11476,4.54997
3.1148,3.33934
3.16162,8.38963
3.16301,5.05026
3.16451,4.9411
3.16475,4.56278
3.16479,3.36368
3.16667,8.39095
3.16806,5.0483
3.16956,4.93924
3.1698,4.56406
3.16984,3.36611
3.21162,8.40286
3.21194,8.40286
3.21302,5.03055
3.21333,5.03016
3.21452,4.92238
3.21476,4.57556
3.21479,3.3879
3.21507,4.57556
3.26165,8.41601
3.26305,5.01079
3.26455,4.90355
3.26479,4.58832
3.26482,3.41201
3.26664,8.41732
3.26803,5.00881
3.26953,4.90166
3.26977,4.5896
3.26981,3.41442
3.31165,8.4291
3.31305,4.99098
3.31455,4.88462
3.31479,4.60107
3.31483,3.436
3.36165,8.44212
3.36304,4.97112
3.36454,4.86558
3.36478,4.61378
3.36482,3.45988
3.36666,8.44342
3.36806,4.96913
3.36956,4.86368
3.3698,4.61505
3.36983,3.46226
3.41162,8.45507
3.41194,8.45507
3.41301,4.95121
3.41333,4.95081
3.41451,4.84644
3.41475,4.62648
3.41479,3.48364
3.41483,4.84644
3.41507,4.62648
3.41511,3.48364
3.46162,8.46796
3.46302,4.93125
3.46451,4.8272
3.46476,4.63915
3.46479,3.50729
3.46667,8.46924
3.46806,4.92926
3.46956,4.82527
3.4698,4.64042
3.46984,3.50965
3.51165,8.48078
3.51305,4.91124
3.51455,4.80784
3.51479,4.65181
3.51482,3.53083
3.56165,8.49353
3.56304,4.89118
3.56454,4.78838
3.56478,4.66444
3.56482,3.55426
3.56666,8.4948
3.56806,4.88918
3.56956,4.78643
3.5698,4.6657
3.56983,3.5566
3.61165,8.50621
3.61197,8.50621
3.61304,4.87107
3.61336,4.87067
3.61454,4.76881
3.61478,4.67705
3.61482,3.57758
3.6151,4.67705
3.66165,8.51883
3.66304,4.85091
3.66454,4.74912
3.66478,4.68964
3.66482,3.60079
3.66667,8.52009
3.66806,4.84889
3.66956,4.74715
3.6698,4.6909
3.66984,3.60311
3.71165,8.53139
3.71305,4.83069
3.71454,4.72933
3.71479,4.70221
3.71482,3.6239
3.76165,8.54388
3.76304,4.81043
3.76454,4.70942
3.76478,4.71475
3.76481,3.64689
3.76666,8.54513
3.76806,4.8084
3.76955,4.70742
3.7698,4.71601
3.76983,3.64919
3.81165,8.55631
3.81197,8.55631
3.81304,4.79011
3.81336,4.7897
3.81454,4.6894
3.81478,4.72728
3.81482,3.66979
3.8151,4.72728
3.86165,8.56868
3.86304,4.76974
3.86454,4.66926
3.86478,4.73978
3.86482,3.69257
3.8667,8.56991
3.86809,4.7677
3.86959,4.66724
3.86983,4.74103
3.86986,3.69485
3.91168,8.58098
3.91308,4.74931
3.91457,4.64901
3.91481,4.75227
3.91485,3.71526
3.96168,8.59322
3.96307,4.72883
3.96457,4.62864
3.96481,4.76473
3.96484,3.73784
3.96666,8.59444
3.96805,4.72678
3.96955,4.6266
3.96979,4.76597
3.96983,3.7401
4.01165,8.6054
4.01197,8.6054
4.01304,4.7083
4.01336,4.70789
4.01454,4.60815
4.01478,4.77717
4.01481,3.76033
4.0151,4.77717
4.06165,8.61752
4.06304,4.68772
4.06454,4.58754
4.06478,4.78959
4.06482,3.78271
4.06667,8.61873
4.06806,4.68565
4.06955,4.58548
4.0698,4.79083
4.06983,3.78494
4.11165,8.62957
4.11304,4.66708
4.11454,4.56681
4.11478,4.80199
4.11482,3.80499
4.16168,8.64157
4.16307,4.64638
4.16456,4.54596
4.16481,4.81436
4.16484,3.82718
4.16669,8.64277
4.16808,4.64431
4.16958,4.54387
4.16982,4.8156
4.16986,3.82939
4.21168,8.65351
4.212,8.65351
4.21307,4.62563
4.21339,4.62522
4.21457,4.52498
4.21481,4.82672
4.21484,3.84926
4.21513,4.82672
4.26165,8.66538
4.26304,4.60483
4.26454,4.50388
4.26478,4.83906
4.26481,3.87125
4.2667,8.66657
4.26809,4.60275
4.26958,4.50177
4.26983,4.84029
4.26986,3.87345
4.31165,8.6772
4.31304,4.58397
4.31454,4.48266
4.31478,4.85137
4.31481,3.89315
4.36168,8.68896
4.36307,4.56305
4.36456,4.4613
4.3648,4.86367
4.36484,3.91495
4.36666,8.69013
4.36805,4.56096
4.36955,4.45916
4.36979,4.8649
4.36982,3.91712
4.41168,8.70066
4.412,8.70066
4.41307,4.54208
4.41339,4.54166
4.41456,4.43982
4.41481,4.87594
4.41484,3.93665
4.41513,4.87594
4.46168,8.71231
4.46307,4.52106
4.46456,4.4182
4.46481,4.8882
4.46484,3.95827
4.46667,8.71347
4.46805,4.51895
4.46955,4.41604
4.46979,4.88942
4.46983,3.96042
4.51165,8.72389
4.51304,4.49997
4.51453,4.39646
4.51478,4.90043
4.51481,3.97979
4.56168,8.73542
4.56306,4.47883
4.56456,4.37458
4.5648,4.91265
4.56484,4.00121
4.56669,8.73657
4.56808,4.47671
4.56957,4.37238
4.56982,4.91387
4.56985,4.00335
4.61168,8.7469
4.612,8.7469
4.61307,4.45763
4.61338,4.4572
4.61456,4.35257
4.6148,4.92484
4.61484,4.02255
4.61512,4.92484
4.66168,8.75832
4.66307,4.43637
4.66456,4.33042
4.66481,4.93701
4.66484,4.0438
4.66666,8.75946
4.66805,4.43424
4.66955,4.32819
4.66979,4.93823
4.66982,4.04592
4.71168,8.76968
4.71307,4.41506
4.71456,4.30813
4.71481,4.94917
4.71484,4.06496
4.76171,8.78099
4.76309,4.39368
4.76459,4.2857
4.76483,4.9613
4.76487,4.08603
4.76669,8.78211
4.76808,4.39154
4.76957,4.28345
4.76982,4.96251
4.76985,4.08813
4.81168,8.79224
4.812,8.79224
4.81306,4.37225
4.81338,4.37182
4.81456,4.26313
4.8148,4.97342
4.81484,4.10701
4.81512,4.97342
4.86168,8.80344
4.86306,4.35075
4.86456,4.24042
4.8648,4.98551
4.86484,4.12791
4.8667,8.80455
4.86808,4.3486
4.86958,4.23814
4.86982,4.98672
4.86985,4.12999
4.91168,8.81458
4.91307,4.3292
4.91456,4.21757
4.91481,4.99758
4.91484,4.14872
4.96171,8.82567
4.96309,4.30759
4.96458,4.19457
4.96483,5.00964
4.96486,4.16944
4.96669,8.82678
4.96808,4.30542
4.96957,4.19226
4.96981,5.01084
4.96985,4.17151
5.01171,8.83671
5.01203,8.83671
5.01309,4.28591
5.01341,4.28548
5.01459,4.17142
5.01483,5.02167
5.01486,4.19008
5.01515,5.02167
5.06168,8.84769
5.06306,4.26418
5.06456,4.14813
5.0648,5.03368
5.06483,4.21064
5.06666,8.84879
5.06805,4.262
5.06954,4.14579
5.06979,5.03489
5.06982,4.21269
5.11168,8.85862
5.11306,4.24238
5.11456,4.12468
5.1148,5.04568
5.11484,4.23111
5.16167,8.8695
5.16306,4.22052
5.16455,4.10108
5.1648,5.05765
5.16483,4.2515
5.16669,8.87059
5.16807,4.21833
5.16957,4.09871
5.16981,5.05885
5.16985,4.25354
5.21171,8.88033
5.21203,8.88033
5.21309,4.1986
5.21341,4.19816
5.21458,4.07733
5.21483,5.06961
5.21486,4.27181
5.21515,5.06961
5.26171,8.89111
5.26309,4.17662
5.26458,4.05342
5.26483,5.08155
5.26486,4.29204
5.26669,8.89218
5.26808,4.17442
5.26957,4.05102
5.26982,5.08274
5.26985,4.29406
5.31168,8.90183
5.31306,4.15458
5.31456,4.02935
5.3148,5.09346
5.31483,4.31219
5.36167,8.91251
5.36306,4.13247
5.36455,4.00512
5.36479,5.10536
5.36483,4.33226
5.36672,8.91357
5.3681,4.13025
5.3696,4.00269
5.36984,5.10655
5.36987,4.33426
5.41171,8.92313
5.41203,8.92313
5.41309,4.11029
5.41341,4.10985
5.41458,3.98073
5.41483,5.11724
5.41486,4.35224
5.41515,5.11724
5.46171,8.93371
5.46309,4.08806
5.46458,3.95618
5.46483,5.1291
5.46486,4.37215
5.46669,8.93476
5.46808,4.08583
5.46957,3.95372
5.46981,5.13028
5.46985,4.37414
5.51171,8.94423
5.51309,4.06575
5.51458,3.93146
5.51483,5.14094
5.51486,4.39199
5.5617,8.95471
5.56309,4.04339
5.56458,3.90658
5.56482,5.15276
5.56486,4.41174
5.56669,8.95576
5.56807,4.04115
5.56956,3.90408
5.56981,5.15394
5.56984,4.41371
5.61171,8.96514
5.61203,8.96514
5.61309,4.02095
5.61341,4.0205
5.61458,3.88152
5.61483,5.16456
5.61486,4.43142
5.6149,3.88152
5.61514,5.16456
5.61518,4.43142
5.66174,8.97552
5.66312,3.99845
5.66461,3.85629
5.66486,5.17634
5.66489,4.45102
5.66669,8.97655
5.66807,3.9962
5.66956,3.85376
5.66981,5.17752
5.66984,4.45298
5.71171,8.98585
5.71309,3.97589
5.71458,3.83089
5.71483,5.1881
5.71486,4.47055
5.7617,8.99613
5.76308,3.95326
5.76457,3.80531
5.76482,5.19985
5.76485,4.49
5.76669,8.99715
5.76807,3.95099
5.76956,3.80274
5.76981,5.20102
5.76984,4.49194
5.81171,9.00636
5.81202,9.00636
5.81309,3.93056
5.81341,3.9301
5.81458,3.77955
5.81482,5.21157
5.81486,4.50938
5.81514,5.21157
5.86174,9.01655
5.86312,3.90779
5.86461,3.75361
5.86486,5.22328
5.86489,4.52869
5.86669,9.01757
5.86807,3.90551
5.86956,3.75101
5.86981,5.22445
5.86984,4.53061
5.91174,9.02669
5.91312,3.88496
5.91461,3.72749
5.91486,5.23497
5.91489,4.54792
5.96173,9.03679
5.96311,3.86205
5.9646,3.70119
5.96485,5.24664
5.96488,4.56708
5.96672,9.03779
5.9681,3.85976
5.96959,3.69855
5.96984,5.2478
5.96987,4.56899
6.0117,9.04683
6.01202,9.04683
6.01308,3.83908
6.0134,3.83862
6.01457,3.67469
6.01482,5.25829
6.01485,4.58616
6.01514,5.25829
6.06171,9.05684
6.06309,3.81603
6.06457,3.64801
6.06482,5.26992
6.06486,4.60518
6.06672,9.05783
6.0681,3.81373
6.06959,3.64533
6.06984,5.27108
6.06987,4.60708
6.11174,9.06679
6.11312,3.79292
6.11461,3.62113
6.11486,5.28153
6.11489,4.62413
6.16173,9.0767
6.16311,3.76974
6.1646,3.59405
6.16485,5.29313
6.16488,4.643
6.16669,9.07769
6.16807,3.76741
6.16955,3.59134
6.1698,5.29429
6.16983,4.64489
6.21173,9.08657
6.21205,9.08657
6.21311,3.74648
6.21343,3.74601
6.2146,3.56678
6.21485,5.3047
6.21488,4.66181
6.21517,5.3047
6.26171,9.09639
6.26308,3.72315
6.26457,3.53931
6.26482,5.31626
6.26485,4.68054
6.26669,9.09737
6.26807,3.72082
6.26956,3.53655
6.26981,5.31742
6.26984,4.68241
6.31174,9.10616
6.31312,3.69975
6.3146,3.51163
6.31485,5.3278
6.31489,4.69921
6.36173,9.1159
6.36311,3.67628
6.3646,3.48375
6.36485,5.33932
6.36488,4.71781
6.36672,9.11687
6.3681,3.67393
6.36958,3.48095
6.36983,5.34047
6.36986,4.71967
6.41173,9.12558
6.41205,9.12558
6.41311,3.65274
6.41343,3.65226
6.4146,3.45566
6.41485,5.35083
6.41488,4.73635
6.41517,5.35083
6.46174,9.13523
6.46311,3.62912
6.4646,3.42735
6.46485,5.36231
6.46488,4.75481
6.46672,9.13619
6.4681,3.62675
6.46959,3.42451
6.46984,5.36346
6.46987,4.75665
6.51174,9.14483
6.51311,3.60542
6.5146,3.39883
6.51485,5.37378
6.51488,4.77321
6.56173,9.15439
6.56311,3.58166
6.5646,3.3701
6.56485,5.38523
6.56488,4.79154
6.56669,9.15534
6.56806,3.57927
6.56955,3.36721
6.5698,5.38637
6.56983,4.79337
6.61173,9.1639
6.61205,9.1639
6.61311,3.55781
6.61343,3.55733
6.6146,3.34114
6.61485,5.39666
6.61488,4.80981
6.61517,5.39666
6.66174,9.17338
6.66311,3.53389
6.6646,3.31196
6.66485,5.40807
6.66488,4.82801
6.66672,9.17432
6.6681,3.5315
6.66958,3.30903
6.66983,5.40921
6.66986,4.82983
6.71177,9.18281
6.71314,3.5099
6.71463,3.28255
6.71488,5.41947
6.71491,4.84615
6.76176,9.19219
6.76314,3.48582
6.76462,3.25291
6.76487,5.43084
6.76491,4.86422
6.76672,9.19313
6.76809,3.48341
6.76958,3.24993
6.76983,5.43198
6.76986,4.86603
6.81173,9.20154
6.81205,9.20154
6.81311,3.46167
6.81343,3.46119
6.81459,3.22303
6.81484,5.4422
6.81488,4.88223
6.81516,5.4422
6.86174,9.21085
6.86311,3.43744
6.8646,3.19292
6.86485,5.45354
6.86488,4.90018
6.86669,9.21177
6.86806,3.43501
6.86955,3.18989
6.8698,5.45468
6.86983,4.90197
6.91177,9.22011
6.91314,3.41313
6.91463,3.16257
6.91488,5.46487
6.91491,4.91806
6.96176,9.22933
6.96314,3.38875
6.96462,3.13197
6.96487,5.47617
6.9649,4.93589
6.96672,9.23025
6.96809,3.3863
6.96958,3.12889
6.96983,5.4773
6.96986,4.93767
7.01176,9.23851
7.01208,9.23851
7.01314,3.36428
7.01346,3.36379
7.01462,3.10112
7.01487,5.48746
7.0149,4.95365
7.01519,5.48746
7.06173,9.24766
7.06311,3.33973
7.06459,3.07002
7.06484,5.49873
7.06488,4.97135
7.06672,9.24857
7.06809,3.33727
7.06958,3.0669
7.06983,5.49986
7.06986,4.97311
7.11174,9.25676
7.11311,3.3151
7.11459,3.03867
7.11485,5.50998
7.11488,4.98898
7.16176,9.26582
7.16313,3.29039
7.16462,3.00705
7.16487,5.52122
7.1649,5.00656
7.16675,9.26672
7.16812,3.28791
7.1696,3.00387
7.16986,5.52234
7.16989,5.00832
7.21176,9.27484
7.21208,9.27484
7.21314,3.26559
7.21346,3.26509
7.21462,2.97517
7.21487,5.53244
7.2149,5.02408
7.21519,5.53244
7.26177,9.28382
7.26314,3.24071
7.26462,2.94302
7.26487,5.54364
7.2649,5.04154
7.26672,9.28472
7.26809,3.23822
7.26958,2.93979
7.26983,5.54476
7.26986,5.04328
7.31174,9.29277
7.31311,3.21575
7.31459,2.9106
7.31484,5.55482
7.31487,5.05894
7.36176,9.30167
7.36313,3.19071
7.36462,2.87791
7.36487,5.56599
7.3649,5.07627
7.36671,9.30256
7.36809,3.1882
7.36957,2.87462
7.36982,5.56711
7.36985,5.07801
7.41176,9.31054
7.41208,9.31054
7.41313,3.16558
7.41345,3.16507
7.41462,2.84493
7.41487,5.57714
7.4149,5.09356
7.41519,5.57714
7.46176,9.31936
7.46314,3.14036
7.46462,2.81167
7.46487,5.58827
7.4649,5.11078
7.46672,9.32025
7.46809,3.13783
7.46957,2.80832
7.46983,5.58938
7.46986,5.1125
7.51177,9.32815
7.51314,3.11506
7.51462,2.77811
7.51487,5.59938
7.5149,5.12795
7.56179,9.33691
7.56316,3.08967
7.56464,2.74427
7.5649,5.61048
7.56493,5.14505
7.56675,9.33778
7.56812,3.08712
7.5696,2.74086
7.56985,5.61159
7.56988,5.14676
7.61176,9.34562
7.61208,9.34562
7.61313,3.06419
7.61345,3.06368
7.61462,2.71012
7.61487,5.62156
7.6149,5.16211
7.61519,5.62156
7.66176,9.35429
7.66313,3.03862
7.66462,2.67566
7.66487,5.63263
7.6649,5.1791
7.66672,9.35516
7.66809,3.03606
7.66957,2.6722
7.66982,5.63373
7.66985,5.1808
7.71177,9.36293
7.71314,3.01296
7.71462,2.6409
7.71487,5.64367
7.7149,5.19604
7.76179,9.37153
7.76316,2.98722
7.76464,2.60582
7.7649,5.6547
7.76493,5.21293
7.76671,9.37239
7.76808,2.98464
7.76957,2.60229
7.76982,5.6558
7.76985,5.21461
7.81179,9.3801
7.81211,9.3801
7.81316,2.96138
7.81348,2.96086
7.81464,2.57042
7.8149,5.66571
7.81493,5.22976
7.81496,2.57042
7.81522,5.66571
7.81525,5.22976
7.86179,9.38863
7.86316,2.93545
7.86465,2.53469
7.8649,5.67671
7.86493,5.24653
7.86675,9.38948
7.86812,2.93285
7.8696,2.53134
7.86985,5.67791
7.86988,5.24813
7.91177,9.39294
7.91313,2.92066
7.91462,2.50667
7.91487,5.69058
7.9149,5.25964
7.96176,9.39648
7.96313,2.90723
7.96461,2.48016
7.96486,5.70451
7.96489,5.27102
7.96671,9.39684
7.96808,2.90589
7.96956,2.47751
7.96982,5.7059
7.96985,5.27215
8.01179,9.40003
8.01211,9.40003
8.01316,2.89376
8.01348,2.89349
8.01464,2.45356
8.0149,5.71841
8.01492,5.28237
8.01522,5.71841
8.06179,9.40358
8.06316,2.88022
8.06464,2.42687
8.0649,5.73227
8.06493,5.29372
8.06672,9.40393
8.06808,2.87887
8.06957,2.4242
8.06982,5.73366
8.06985,5.29485
8.1118,9.40713
8.11316,2.86663
8.11464,2.40008
8.1149,5.7461
8.11493,5.30505
8.16179,9.41068
8.16316,2.85298
8.16464,2.3732
8.16489,5.75989
8.16492,5.31637
8.16674,9.41104
8.16811,2.85162
8.16959,2.3705
8.16985,5.76127
8.16988,5.3175
8.21179,9.41424
8.21211,9.41424
8.21316,2.83928
8.21348,2.839
8.21464,2.34621
8.21489,5.77365
8.21492,5.32767
8.21521,5.77365
8.26179,9.41779
8.26316,2.82551
8.26464,2.31913
8.2649,5.78737
8.26492,5.33896
8.26672,9.41815
8.26808,2.82413
8.26956,2.31642
8.26982,5.78874
8.26985,5.34009
8.3118,9.42135
8.31316,2.81169
8.31464,2.29196
8.3149,5.80105
8.31493,5.35023
8.36179,9.42491
8.36316,2.79781
8.36463,2.26468
8.36489,5.8147
8.36492,5.36149
8.36671,9.42526
8.36808,2.79642
8.36956,2.26194
8.36981,5.81607
8.36984,5.36262
8.41179,9.42847
8.41211,9.42847
8.41316,2.78387
8.41348,2.78359
8.41464,2.2373
8.41489,5.82832
8.41492,5.37274
8.41521,5.82832
8.46182,9.43203
8.46319,2.76987
8.46467,2.20982
8.46492,5.8419
8.46495,5.38397
8.46675,9.43238
8.46811,2.76846
8.46959,2.20706
8.46985,5.84326
8.46988,5.38509
8.51179,9.43559
8.51316,2.7558
8.51464,2.18224
8.5149,5.85545
8.51492,5.39519
8.56179,9.43915
8.56315,2.74168
8.56463,2.15455
8.56489,5.86897
8.56492,5.40639
8.56674,9.43951
8.56811,2.74027
8.56959,2.15178
8.56984,5.87032
8.56987,5.40751
8.61179,9.44272
8.61211,9.44272
8.61316,2.7275
8.61347,2.72721
8.61463,2.12676
8.61489,5.88245
8.61492,5.41758
8.61521,5.88245
8.66182,9.44628
8.66319,2.71325
8.66467,2.09887
8.66492,5.8959
8.66495,5.42876
8.66672,9.44664
8.66808,2.71183
8.66956,2.09607
8.66981,5.89724
8.66984,5.42987
8.71183,9.44985
8.71319,2.69895
8.71467,2.07087
8.71492,5.90931
8.71495,5.43992
8.76182,9.45342
8.76318,2.68458
8.76466,2.04276
8.76492,5.92269
8.76495,5.45107
8.76674,9.45378
8.76811,2.68314
8.76958,2.03995
8.76984,5.92403
8.76987,5.45218
8.81179,9.45699
8.81211,9.45699
8.81315,2.67015
8.81347,2.66986
8.81463,2.01455
8.81489,5.93604
8.81492,5.4622
8.81521,5.93604
8.86182,9.46056
8.86319,2.65565
8.86466,1.98623
8.86492,5.94935
8.86495,5.47332
8.86675,9.46092
8.86811,2.6542
8.86959,1.98339
8.86984,5.95068
8.86987,5.47444
8.91182,9.46414
8.91319,2.64109
8.91467,1.9578
8.91492,5.96263
8.91495,5.48443
8.96182,9.46771
8.96318,2.62647
8.96466,1.92926
8.96492,5.97588
8.96494,5.49552
8.96674,9.46807
8.9681,2.625
8.96958,1.9264
8.96984,5.97721
8.96987,5.49663
9.01182,9.47129
9.01214,9.47129
9.01318,2.61178
9.0135,2.61149
9.01466,1.90061
9.01492,5.9891
9.01495,5.5066
9.01524,5.9891
9.06182,9.47486
9.06318,2.59703
9.06466,1.87185
9.06492,6.00228
9.06495,5.51767
9.06675,9.47522
9.06811,2.59555
9.06958,1.86896
9.06984,6.0036
9.06987,5.51877
9.11182,9.47844
9.11319,2.58221
9.11466,1.84297
9.11492,6.01544
9.11495,5.52872
9.16182,9.48202
9.16318,2.56733
9.16466,1.81398
9.16491,6.02856
9.16494,5.53976
9.16674,9.48238
9.1681,2.56584
9.16958,1.81107
9.16984,6.02987
9.16986,5.54086
9.21182,9.4856
9.21214,9.4856
9.21318,2.55238
9.2135,2.55208
9.21466,1.78487
9.21492,6.04164
9.21494,5.55078
9.21523,6.04164
9.26182,9.48918
9.26318,2.53736
9.26466,1.75565
9.26492,6.0547
9.26494,5.56179
9.26674,9.48954
9.26811,2.53585
9.26958,1.75272
9.26984,6.05601
9.26987,5.56289
9.31182,9.49276
9.31318,2.52227
9.31466,1.72631
9.31492,6.06773
9.31495,5.57279
9.36182,9.49634
9.36318,2.50712
9.36465,1.69686
9.36491,6.08072
9.36494,5.58377
9.36674,9.4967
9.3681,2.5056
9.36958,1.6939
9.36983,6.08202
9.36986,5.58487
9.41182,9.49993
9.41214,9.49993
9.41318,2.4919
9.4135,2.49159
9.41465,1.66728
9.41491,6.09368
9.41494,5.59474
9.41523,6.09368
9.46182,9.50351
9.46318,2.47661
9.46466,1.63758
9.46492,6.10662
9.46494,5.6057
9.46674,9.50387
9.4681,2.47507
9.46958,1.63461
9.46984,6.10791
9.46987,5.6068
9.51185,9.5071
9.51321,2.46125
9.51469,1.60777
9.51495,6.11952
9.51498,5.61664
9.56185,9.51069
9.56321,2.44582
9.56468,1.57783
9.56494,6.13239
9.56497,5.62757
9.56674,9.51105
9.5681,2.44427
9.56957,1.57483
9.56983,6.13367
9.56986,5.62866
9.61182,9.51427
9.61214,9.51427
9.61318,2.43032
9.6135,2.43
9.61465,1.54776
9.61491,6.14523
9.61494,5.63849
9.61523,6.14523
9.66182,9.51786
9.66318,2.41474
9.66465,1.51757
9.66491,6.15804
9.66494,5.64939
9.66677,9.51822
9.66813,2.41318
9.66961,1.51455
9.66987,6.15932
9.66989,5.65048
9.71185,9.52145
9.71321,2.3991
9.71469,1.48726
9.71495,6.17082
9.71497,5.66028
9.76185,9.52504
9.76321,2.38338
9.76468,1.45682
9.76494,6.18356
9.76497,5.67115
9.76674,9.5254
9.7681,2.38181
9.76957,1.45377
9.76983,6.18484
9.76986,5.67224
9.81185,9.52864
9.81217,9.52864
9.81321,2.36759
9.81353,2.36728
9.81468,1.42625
9.81494,6.19628
9.81497,5.68201
9.81526,6.19628
9.86182,9.53223
9.86318,2.35173
9.86465,1.39555
9.86491,6.20897
9.86494,5.69286
9.86674,9.53259
9.8681,2.35014
9.86957,1.39247
9.86983,6.21024
9.86986,5.69395
9.91185,9.53582
9.91321,2.33579
9.91468,1.36471
9.91494,6.22163
9.91497,5.7037
9.96185,9.53942
9.9632,2.31978
9.96468,1.33375
9.96494,6.23426
9.96496,5.71452
9.96677,9.53978
9.96813,2.31817
9.9696,1.33065
9.96986,6.23552
9.96989,5.7156
10.0118,9.54301
10.0122,9.54301
10.0132,2.30369
10.0135,2.30337
10.0147,1.30266
10.0149,6.24686
10.015,5.72533
10.015,1.30266
10.0153,6.24686
10.0153,5.72533
10.0619,9.54661
10.0632,2.28753
10.0647,1.27142
10.0649,6.25943
10.065,5.73612
10.0668,9.54697
10.0681,2.28591
10.0696,1.26829
10.0699,6.26069
10.0699,5.7372
10.1119,9.5502
10.1132,2.27129
10.1147,1.24006
10.1149,6.27197
10.115,5.7469
10.1618,9.5538
10.1632,2.25498
10.1647,1.20855
10.1649,6.28449
10.165,5.75767
10.1667,9.55416
10.1681,2.25334
10.1696,1.20539
10.1698,6.28574
10.1699,5.75875
10.2118,9.5574
10.2122,9.5574
10.2132,2.23858
10.2135,2.23825
10.2147,1.17691
10.2149,6.29697
10.215,5.76842
10.2153,6.29697
10.2619,9.561
10.2632,2.22211
10.2647,1.14512
10.2649,6.30943
10.265,5.77917
10.2668,9.56136
10.2681,2.22046
10.2696,1.14194
10.2699,6.31067
10.2699,5.78024
10.3119,9.5646
10.3132,2.20556
10.3147,1.1132
10.3149,6.32185
10.315,5.78989
10.3618,9.5682
10.3632,2.18893
10.3647,1.08113
10.3649,6.33425
10.365,5.80061
10.3668,9.56856
10.3681,2.18726
10.3696,1.07792
10.3699,6.33549
10.3699,5.80168
10.4119,9.5718
10.4122,9.5718
10.4132,2.17222
10.4136,2.17189
10.4147,1.04892
10.415,6.34662
10.415,5.81131
10.4153,6.34662
10.4618,9.5754
10.4632,2.15543
10.4647,1.01656
10.4649,6.35896
10.465,5.822
10.4667,9.57576
10.4681,2.15375
10.4696,1.01332
10.4698,6.3602
10.4699,5.82307
10.5119,9.579
10.5132,2.13856
10.5147,0.984056
10.5149,6.37128
10.515,5.83267
10.5618,9.58261
10.5632,2.1216
10.5647,0.951402
10.5649,6.38356
10.565,5.84333
10.5668,9.58297
10.5681,2.1199
10.5696,0.948128
10.5699,6.38479
10.5699,5.8444
10.6119,9.58621
10.6122,9.58621
10.6132,2.10456
10.6136,2.10422
10.6147,0.918598
10.615,6.39582
10.615,5.85398
10.6153,6.39582
10.6619,9.58982
10.6632,2.08744
10.6647,0.885641
10.665,6.40805
10.665,5.86462
10.6668,9.59018
10.6681,2.08573
10.6696,0.882337
10.6699,6.40927
10.6699,5.86568
10.7119,9.59342
10.7132,2.07024
10.7147,0.852529
10.7149,6.42025
10.715,5.87524
10.7619,9.59703
10.7632,2.05295
10.7647,0.819264
10.765,6.43243
10.765,5.88585
10.7668,9.59739
10.7681,2.05121
10.7696,0.815928
10.7699,6.43365
10.7699,5.88691
10.8119,9.60063
10.8122,9.60063
10.8132,2.03557
10.8135,2.03522
10.8147,0.785842
10.815,6.44458
10.815,5.89645
10.8153,6.44458
10.8619,9.60424
10.8632,2.01811
10.8647,0.752261
10.865,6.4567
10.865,5.90703
10.8667,9.6046
10.8681,2.01636
10.8696,0.748894
10.8698,6.45791
10.8699,5.90809
10.9119,9.60784
10.9132,2.00056
10.9147,0.718518
10.915,6.46879
10.915,5.9176
10.9619,9.61145
10.9632,1.98292
10.9647,0.684615
10.965,6.48086
10.965,5.92816
10.9668,9.61181
10.9681,1.98115
10.9696,0.681215
10.9699,6.48206
10.9699,5.92921
11.0119,9.61506
11.0122,9.61506
11.0133,1.96519
11.0136,1.96484
11.0147,0.650548
11.015,6.4929
11.015,5.9387
11.0153,6.4929
11.0619,9.61867
11.0632,1.94738
11.0647,0.616316
11.065,6.50491
11.065,5.94923
11.0668,9.61903
11.0681,1.94559
11.0696,0.612883
11.0699,6.50611
11.0699,5.95029
11.1119,9.62228
11.1132,1.92947
11.1147,0.581914
11.115,6.5169
11.115,5.95975
11.1619,9.62589
11.1632,1.91147
11.1647,0.547345
11.165,6.52886
11.165,5.97026
11.1668,9.62625
11.1681,1.90967
11.1696,0.543878
11.1699,6.53005
11.1699,5.97131
11.2119,9.6295
11.2122,9.6295
11.2132,1.89339
11.2135,1.89302
11.2147,0.512605
11.215,6.54079
11.215,5.98075
11.2153,6.54079
11.2619,9.63311
11.2633,1.8752
11.2647,0.477692
11.265,6.5527
11.265,5.99123
11.2668,9.63347
11.2681,1.87338
11.2696,0.47419
11.2699,6.55389
11.2699,5.99228
11.3119,9.63672
11.3132,1.85693
11.3147,0.442601
11.315,6.56458
11.315,6.0017
11.3619,9.64033
11.3632,1.83856
11.3647,0.407336
11.365,6.57644
11.365,6.01215
11.3668,9.64069
11.3681,1.83672
11.3696,0.403799
11.3698,6.57762
11.3699,6.0132
11.4119,9.64394
11.4122,9.64394
11.4132,1.82009
11.4135,1.81972
11.4147,0.371891
11.415,6.58827
11.415,6.02259
11.4153,6.58827
11.4619,9.64755
11.4633,1.80153
11.4647,0.336266
11.465,6.60007
11.465,6.03302
11.4668,9.64791
11.4682,1.79967
11.4696,0.332692
11.4699,6.60125
11.4699,6.03406
11.5119,9.65116
11.5133,1.78288
11.5147,0.300455
11.515,6.61185
11.515,6.04344
11.5619,9.65477
11.5633,1.76412
11.5647,0.26446
11.565,6.6236
11.565,6.05384
11.5668,9.65513
11.5681,1.76224
11.5696,0.26085
11.5698,6.62478
11.5699,6.05488
11.6119,9.65839
11.6122,9.65839
11.6132,1.74527
11.6135,1.74489
11.6147,0.228278
11.615,6.63533
11.615,6.06423
11.6153,6.63533
11.6619,9.662
11.6633,1.72631
11.6647,0.191907
11.665,6.64703
11.665,6.07461
11.6668,9.66236
11.6681,1.72441
11.6696,0.188258
11.6698,6.6482
11.6699,6.07565
11.7119,9.66561
11.7133,1.70726
11.7147,0.155341
11.715,6.65871
11.715,6.08497
11.7619,9.66922
11.7633,1.6881
11.7647,0.118583
11.765,6.67036
11.765,6.09533
11.7668,9.66959
11.7681,1.68618
11.7696,0.114895
11.7699,6.67152
11.7699,6.09636
11.8119,9.67284
11.8122,9.67284
11.8133,1.66884
11.8136,1.66846
11.8147,0.0816278
11.815,6.68199
11.815,6.10566
11.8153,6.68199
11.8619,9.67645
11.8633,1.64948
11.8647,0.0444738
11.865,6.69359
11.865,6.11599
11.8668,9.67681
11.8681,1.64754
11.8696,0.0407466
11.8699,6.69475
11.8699,6.11702
11.9119,9.68006
11.9133,1.63002
11.9147,0.00711572
11.915,6.70517
11.915,6.12631
11.9619,9.68368
11.9633,1.61044
11.9647,-0.030444
11.965,6.71672
11.965,6.13661
11.9668,9.68404
11.9681,1.60848
11.9696,-0.034212
11.9698,6.71787
11.9699,6.13764
12.0119,9.68729
12.0122,9.68729
12.0133,1.59077
12.0136,1.59037
12.0147,-0.0682103
12.015,6.72825
12.015,6.1469
12.0153,6.72825
12.0619,9.69091
12.0633,1.57098
12.0647,-0.106186
12.065,6.73975
12.065,6.15717
12.0668,9.69127
12.0681,1.569
12.0696,-0.109996
12.0698,6.7409
12.0699,6.1582
12.1119,9.69452
12.1133,1.55109
12.1147,-0.144376
12.115,6.75123
12.115,6.16744
12.1619,9.69814
12.1632,1.53109
12.1647,-0.182778
12.165,6.76268
12.165,6.17769
12.1668,9.6985
12.1681,1.52908
12.1696,-0.186631
12.1699,6.76383
12.1699,6.17871
12.2119,9.70175
12.2122,9.70175
12.2133,1.51097
12.2136,1.51057
12.2147,-0.221397
12.215,6.77411
12.215,6.18793
12.215,-0.221397
12.2153,6.77411
12.2153,6.18813
12.2619,9.70536
12.2633,1.49075
12.2647,-0.260237
12.265,6.78552
12.265,6.19815
12.2668,9.70573
12.2681,1.48872
12.2696,-0.264134
12.2699,6.78666
12.2699,6.19918
12.3119,9.70898
12.3133,1.47041
12.3147,-0.299302
12.315,6.7969
12.315,6.20837
12.3619,9.71259
12.3633,1.44996
12.3647,-0.33859
12.365,6.80826
12.365,6.21857
12.3668,9.71296
12.3681,1.4479
12.3696,-0.34253
12.3699,6.8094
12.3699,6.21959
12.4119,9.71621
12.4123,9.71621
12.4133,1.42939
12.4136,1.42898
12.4147,-0.378107
12.415,6.8196
12.415,6.22876
12.4153,6.81983
12.4619,9.71982
12.4633,1.4087
12.4647,-0.417857
12.465,6.83091
12.465,6.23894
12.4668,9.72019
12.4681,1.40663
12.4696,-0.421845
12.4699,6.83204
12.4699,6.23995
12.5119,9.72344
12.5133,1.3879
12.5147,-0.457841
12.515,6.8422
12.515,6.2491
12.5619,9.72705
12.5633,1.36699
12.5647,-0.498066
12.565,6.85346
12.565,6.25925
12.5668,9.72741
12.5681,1.36489
12.5696,-0.5021
12.5699,6.85459
12.5699,6.26027
12.6119,9.73067
12.6123,9.73067
12.6133,1.34595
12.6136,1.34552
12.6147,-0.53853
12.615,6.8647
12.615,6.26939
12.6153,6.86493
12.6619,9.73428
12.6633,1.32479
12.6647,-0.579239
12.665,6.87592
12.665,6.27952
12.6668,9.73464
12.6681,1.32266
12.6696,-0.583324
12.6699,6.87704
12.6699,6.28053
12.7119,9.7379
12.7133,1.3035
12.7147,-0.620196
12.715,6.88712
12.715,6.28963
12.7619,9.74151
12.7633,1.2821
12.7647,-0.661407
12.765,6.89829
12.765,6.29974
12.7668,9.74187
12.7681,1.27995
12.7696,-0.66554
12.7699,6.8994
12.7699,6.30075
12.8119,9.74513
12.8123,9.74513
12.8133,1.26057
12.8136,1.26013
12.8147,-0.702871
12.815,6.90944
12.815,6.30983
12.8153,6.90966
12.8619,9.74874
12.8633,1.23891
12.8647,-0.744594
12.865,6.92056
12.865,6.31991
12.8668,9.7491
12.8681,1.23674
12.8696,-0.748781
12.8699,6.92168
12.8699,6.32091
12.9119,9.75236
12.9133,1.21713
12.9147,-0.786579
12.915,6.93167
12.915,6.32997
12.962,9.75597
12.9633,1.19521
12.9648,-0.828833
12.965,6.94275
12.9651,6.34003
12.9668,9.75633
12.9682,1.19301
12.9696,-0.833071
12.9699,6.94385
12.9699,6.34103
13.0119,9.7596
13.0123,9.7596
13.0133,1.17341
13.0136,1.17297
13.0147,-0.867481
13.015,6.95413
13.015,6.3503
13.0153,6.95436
13.0619,9.76325
13.0633,1.15177
13.0647,-0.902243
13.065,6.96583
13.065,6.36079
13.0668,9.76361
13.0681,1.1496
13.0696,-0.905722
13.0699,6.967
13.0699,6.36184
13.1119,9.7669
13.1133,1.13003
13.1147,-0.937042
13.115,6.97751
13.115,6.37128
13.1619,9.77055
13.1633,1.10817
13.1647,-0.971882
13.165,6.98917
13.165,6.38175
13.1668,9.77091
13.1681,1.10597
13.1696,-0.975366
13.1699,6.99034
13.1699,6.38279
13.212,9.77419
13.2123,9.77419
13.2133,1.08619
13.2136,1.08575
13.2148,-1.00675
13.215,7.00082
13.2151,6.3922
13.2154,7.00106
13.2619,9.77784
13.2633,1.06411
13.2647,-1.04166
13.265,7.01246
13.265,6.40265
13.2668,9.77821
13.2681,1.06189
13.2696,-1.04515
13.2699,7.01362
13.2699,6.4037
13.3119,9.78149
13.3133,1.0419
13.3147,-1.0766
13.315,7.02407
13.315,6.41309
13.3619,9.78514
13.3633,1.01958
13.3647,-1.11157
13.365,7.03567
13.365,6.42351
13.3668,9.7855
13.3682,1.01735
13.3696,-1.11507
13.3699,7.03683
13.3699,6.42455
13.412,9.78878
13.4123,9.78878
13.4133,0.997144
13.4136,0.996695
13.4148,-1.14658
13.415,7.04726
13.4151,6.43392
13.4154,7.04749
13.462,9.79243
13.4633,0.974587
13.4648,-1.18161
13.465,7.05882
13.4651,6.44432
13.4668,9.79279
13.4681,0.972324
13.4696,-1.18511
13.4699,7.05998
13.4699,6.44536
13.512,9.79608
13.5133,0.951908
13.5148,-1.21666
13.515,7.07038
13.5151,6.4547
13.562,9.79972
13.5633,0.929108
13.5648,-1.25175
13.565,7.08191
13.5651,6.46508
13.5668,9.80009
13.5682,0.926821
13.5696,-1.25525
13.5699,7.08306
13.5699,6.46612
13.612,9.80336
13.6123,9.80336
13.6133,0.906183
13.6136,0.905723
13.6148,-1.28685
13.615,7.09343
13.6151,6.47544
13.6153,7.09366
13.662,9.80701
13.6633,0.883134
13.6648,-1.32198
13.665,7.10493
13.6651,6.48579
13.6668,9.80737
13.6682,0.880822
13.6696,-1.3255
13.6699,7.10608
13.6699,6.48683
13.712,9.81065
13.7133,0.85996
13.7148,-1.35713
13.715,7.11642
13.7151,6.49613
13.762,9.8143
13.7633,0.836658
13.7648,-1.3923
13.765,7.12789
13.765,6.50646
13.7668,9.81466
13.7681,0.83432
13.7696,-1.39582
13.7699,7.12904
13.7699,6.50749
13.812,9.81794
13.8123,9.81794
13.8133,0.812756
13.8137,0.812756
13.8148,-1.42749
13.8151,7.13935
13.8151,6.51678
13.8154,7.13958
13.862,9.82158
13.8633,0.789665
13.8648,-1.46269
13.865,7.15079
13.8651,6.52708
13.8668,9.82194
13.8681,0.787304
13.8696,-1.46621
13.8699,7.15193
13.8699,6.52811
13.912,9.82522
13.9133,0.765973
13.9148,-1.4979
13.915,7.16221
13.9151,6.53737
13.962,9.82886
13.9633,0.742148
13.9648,-1.53313
13.965,7.17362
13.965,6.54765
13.9668,9.82923
13.9682,0.739758
13.9696,-1.53665
13.9699,7.17476
13.9699,6.54868
14.012,9.8325
14.0123,9.8325
14.0133,0.717707
14.0136,0.717707
14.0148,-1.56836
14.0151,7.18501
14.0151,6.55792
14.0154,7.18524
14.062,9.83614
14.0633,0.693609
14.0648,-1.6036
14.0651,7.19639
14.0651,6.56817
14.0668,9.83651
14.0682,0.691676
14.0696,-1.60713
14.0699,7.19753
14.0699,6.5692
14.112,9.83853
14.1133,0.675723
14.1148,-1.6224
14.115,7.2088
14.1151,6.57887
14.162,9.83718
14.1633,0.673185
14.1647,-1.6046
14.165,7.22351
14.165,6.59053
14.1668,9.83704
14.1681,0.672933
14.1696,-1.60282
14.1699,7.22498
14.1699,6.5917
14.212,9.83582
14.2123,9.83582
14.2133,0.670697
14.2136,0.670647
14.2148,-1.58676
14.215,7.23816
14.215,6.60217
14.2153,7.23845
14.262,9.83446
14.2633,0.668211
14.2648,-1.5689
14.2651,7.25275
14.2651,6.61377
14.2668,9.83432
14.2682,0.668019
14.2696,-1.56711
14.2699,7.2542
14.2699,6.61493
14.312,9.8331
14.3133,0.665826
14.3148,-1.55101
14.3151,7.26728
14.3151,6.62535
14.362,9.83173
14.3633,0.663492
14.3648,-1.53308
14.3651,7.28175
14.3651,6.6369
14.3668,9.8316
14.3682,0.663308
14.3696,-1.53129
14.3699,7.28319
14.3699,6.63805
14.412,9.83037
14.4123,9.83037
14.4133,0.661254
14.4136,0.661209
14.4147,-1.51513
14.415,7.29616
14.415,6.64842
14.4151,-1.51513
14.4153,7.29645
14.4154,6.64865
14.462,9.829
14.4633,0.659022
14.4648,-1.49716
14.465,7.31052
14.465,6.65991
14.4668,9.82886
14.4682,0.658801
14.4696,-1.49536
14.4699,7.31195
14.4699,6.66105
14.512,9.82763
14.5133,0.656797
14.5148,-1.47915
14.5151,7.32481
14.5151,6.67137
14.562,9.82626
14.5633,0.654667
14.5648,-1.46113
14.5651,7.33905
14.5651,6.6828
14.5668,9.82612
14.5682,0.654499
14.5696,-1.45932
14.5699,7.34048
14.5699,6.68394
14.612,9.82489
14.6123,9.82489
14.6133,0.652589
14.6136,0.652589
14.6148,-1.44307
14.6151,7.35324
14.6151,6.6942
14.6154,7.35352
14.662,9.82351
14.6633,0.650562
14.6648,-1.42499
14.6651,7.36737
14.6651,6.70558
14.6668,9.82337
14.6682,0.650402
14.6696,-1.42319
14.6699,7.36878
14.6699,6.70672
14.712,9.82213
14.7133,0.648586
14.7148,-1.40689
14.7151,7.38144
14.7151,6.71693
14.762,9.82075
14.7633,0.646661
14.7648,-1.38877
14.765,7.39546
14.7651,6.72825
14.7668,9.82062
14.7682,0.646509
14.7696,-1.38696
14.7699,7.39686
14.7699,6.72938
14.812,9.81937
14.8123,9.81937
14.8133,0.644787
14.8136,0.644787
14.8148,-1.37062
14.8151,7.40943
14.8151,6.73954
14.8154,7.40971
14.862,9.81799
14.8633,0.642965
14.8648,-1.35246
14.8651,7.42334
14.8651,6.75081
14.8668,9.81785
14.8682,0.642822
14.8696,-1.35064
14.8699,7.42472
14.8699,6.75193
14.912,9.8166
14.9134,0.641195
14.9148,-1.33427
14.9151,7.43719
14.9151,6.76204
14.962,9.81522
14.9634,0.639475
14.9648,-1.31606
14.9651,7.45099
14.9651,6.77325
14.9668,9.81508
14.9681,0.63934
14.9696,-1.31424
14.9699,7.45237
14.9699,6.77437
15.012,9.81383
15.0123,9.81383
15.0133,0.637807
15.0136,0.637807
15.0148,-1.29783
15.015,7.46474
15.0151,6.78443
15.0154,7.46502
15.062,9.81244
15.0633,0.63619
15.0648,-1.27958
15.0651,7.47844
15.0651,6.79559
15.0668,9.8123
15.0682,0.636063
15.0696,-1.27775
15.0699,7.47981
15.0699,6.7967
15.112,9.81105
15.1133,0.634625
15.1148,-1.26131
15.1151,7.49208
15.1151,6.80672
15.162,9.80965
15.1633,0.63311
15.1648,-1.24303
15.1651,7.50567
15.1651,6.81782
15.1668,9.80951
15.1681,0.632991
15.1696,-1.2412
15.1699,7.50703
15.1699,6.81893
15.212,9.80826
15.2123,9.80823
15.2134,0.631648
15.2137,0.631648
15.2148,-1.22473
15.2151,7.51921
15.2151,6.82889
15.2154,7.51948
15.262,9.80686
15.2633,0.630236
15.2648,-1.20641
15.265,7.5327
15.2651,6.83994
15.2668,9.80672
15.2682,0.630126
15.2696,-1.20458
15.2699,7.53405
15.2699,6.84104
15.312,9.80546
15.3133,0.628876
15.3148,-1.18808
15.3151,7.54614
15.3151,6.85096
15.362,9.80406
15.3633,0.627567
15.3648,-1.16973
15.3651,7.55952
15.3651,6.86196
15.3668,9.80392
15.3681,0.627465
15.3696,-1.16789
15.3699,7.56086
15.3699,6.86306
15.412,9.80265
15.4123,9.80262
15.4133,0.62631
15.4137,0.62631
15.4148,-1.15136
15.4151,7.57286
15.4151,6.87293
15.4154,7.57313
15.462,9.80125
15.4634,0.625104
15.4648,-1.13298
15.4651,7.58615
15.4651,6.88387
15.4669,9.80111
15.4682,0.62501
15.4696,-1.13114
15.4699,7.58747
15.4699,6.88496
15.512,9.79984
15.5133,0.623949
15.5148,-1.11459
15.515,7.59938
15.5151,6.89478
15.562,9.79843
15.5633,0.622846
15.5648,-1.09618
15.5651,7.61257
15.5651,6.90567
15.5668,9.79829
15.5681,0.62276
15.5696,-1.09434
15.5699,7.61389
15.5699,6.90676
15.612,9.79702
15.6123,9.79699
15.6133,0.621794
15.6137,0.621794
15.6148,-1.07776
15.6151,7.62571
15.6151,6.91654
15.6154,7.62597
15.662,9.79561
15.6633,0.620794
15.6648,-1.05933
15.6651,7.6388
15.6651,6.92738
15.6668,9.79547
15.6681,0.620716
15.6696,-1.05749
15.6699,7.6401
15.6699,6.92846
15.712,9.79419
15.7134,0.619844
15.7148,-1.04089
15.7151,7.65184
15.7151,6.93819
15.7621,9.79278
15.7634,0.618946
15.7648,-1.02244
15.7651,7.66483
15.7651,6.94898
15.7668,9.79263
15.7682,0.618876
15.7696,-1.02059
15.7699,7.66613
15.7699,6.95006
15.8121,9.79136
15.8124,9.79133
15.8134,0.618099
15.8137,0.618099
15.8148,-1.00397
15.8151,7.67778
15.8151,6.95974
15.8154,7.67803
15.862,9.78994
15.8633,0.617304
15.8648,-0.985501
15.8651,7.69067
15.8651,6.97048
15.8668,9.78979
15.8681,0.617242
15.8696,-0.983652
15.8699,7.69196
15.8699,6.97155
15.912,9.78851
15.9133,0.616559
15.9148,-0.967017
15.9151,7.70352
15.9151,6.98119
15.9621,9.78709
15.9634,0.615866
15.9648,-0.948525
15.9651,7.71633
15.9651,6.99188
15.9668,9.78695
15.9682,0.615813
15.9696,-0.946675
15.9699,7.71761
15.9699,6.99295
16.0121,9.78567
16.0124,9.78564
16.0134,0.615224
16.0137,0.615224
16.0148,-0.930023
16.0151,7.72909
16.0151,7.00255
16.0154,7.72934
16.0621,9.78424
16.0634,0.614634
16.0648,-0.911515
16.0651,7.7418
16.0651,7.01318
16.0669,9.78409
16.0682,0.614589
16.0696,-0.909664
16.0699,7.74306
16.0699,7.01425
16.112,9.78281
16.1133,0.614094
16.1148,-0.892999
16.1151,7.75446
16.1151,7.0238
16.162,9.78138
16.1633,0.613605
16.1648,-0.874475
16.1651,7.76708
16.1651,7.03439
16.1668,9.78123
16.1682,0.613568
16.1696,-0.872622
16.1699,7.76834
16.1699,7.03544
16.2121,9.77994
16.2124,9.77992
16.2134,0.613168
16.2137,0.613168
16.2148,-0.855946
16.2151,7.77965
16.2151,7.04495
16.2154,7.77991
16.2621,9.77851
16.2634,0.612781
16.2648,-0.837408
16.2651,7.79218
16.2651,7.05549
16.2668,9.77837
16.2681,0.612753
16.2696,-0.835555
16.2699,7.79343
16.2699,7.05654
16.3121,9.77707
16.3134,0.612446
16.3148,-0.818867
16.3151,7.80467
16.3151,7.06601
16.362,9.77563
16.3634,0.612161
16.3648,-0.80032
16.3651,7.81711
16.3651,7.0765
16.3668,9.77549
16.3682,0.612141
16.3696,-0.798465
16.3699,7.81835
16.3699,7.07755
16.4121,9.77419
16.4124,9.77417
16.4134,0.611928
16.4137,0.611928
16.4148,-0.781769
16.4151,7.8295
16.4151,7.08697
16.4154,7.82975
16.4621,9.77275
16.4634,0.611745
16.4648,-0.763212
16.4651,7.84186
16.4651,7.09741
16.4669,9.77261
16.4682,0.611732
16.4696,-0.761357
16.4699,7.84309
16.4699,7.09846
16.5121,9.77131
16.5134,0.611613
16.5148,-0.744653
16.5151,7.85416
16.5151,7.10783
16.562,9.76986
16.5634,0.611532
16.5648,-0.72609
16.5651,7.86643
16.5651,7.11823
16.5668,9.76972
16.5682,0.611527
16.5696,-0.724233
16.5699,7.86765
16.5699,7.11927
16.6121,9.76841
16.6124,9.76839
16.6134,0.611501
16.6137,0.611501
16.6148,-0.707524
16.6151,7.87865
16.6151,7.1286
16.6152,-0.707524
16.6154,7.8789
16.6155,7.12881
16.6621,9.76697
16.6634,0.611522
16.6648,-0.688954
16.6651,7.89083
16.6651,7.13895
16.6669,9.76682
16.6682,0.611525
16.6696,-0.687098
16.6699,7.89205
16.6699,7.13999
16.7121,9.76551
16.7134,0.611593
16.7148,-0.670384
16.7151,7.90297
16.7151,7.14928
16.762,9.76406
16.7634,0.611714
16.7648,-0.651812
16.7651,7.91506
16.7651,7.15958
16.7668,9.76392
16.7682,0.611726
16.7696,-0.649954
16.7699,7.91627
16.7699,7.16061
16.8121,9.76261
16.8124,9.76258
16.8134,0.611886
16.8137,0.611886
16.8148,-0.633238
16.8151,7.92712
16.8151,7.16987
16.8154,7.92736
16.8621,9.76115
16.8634,0.612109
16.8648,-0.614663
16.8651,7.93913
16.8651,7.18012
16.8669,9.76101
16.8682,0.612129
16.8696,-0.612806
16.8699,7.94032
16.8699,7.18115
16.9121,9.75969
16.9134,0.612382
16.9148,-0.596088
16.9151,7.9511
16.9151,7.19036
16.9621,9.75823
16.9634,0.612705
16.9648,-0.577513
16.9651,7.96302
16.9651,7.20057
16.9668,9.75809
16.9682,0.612733
16.9696,-0.575655
16.9699,7.96421
16.9699,7.20159
17.0121,9.75677
17.0124,9.75674
17.0134,0.613078
17.0137,0.613078
17.0148,-0.558938
17.0151,7.97491
17.0151,7.21076
17.0154,7.97515
17.0621,9.75531
17.0634,0.613502
17.0648,-0.540363
17.0651,7.98676
17.0651,7.22093
17.0669,9.75516
17.0682,0.613538
17.0696,-0.538506
17.0699,7.98794
17.0699,7.22194
17.1121,9.75384
17.1134,0.613976
17.1148,-0.52179
17.1151,7.99856
17.1151,7.23107
17.1621,9.75238
17.1634,0.6145
17.1648,-0.503218
17.1651,8.01033
17.1651,7.24119
17.1668,9.75223
17.1682,0.614544
17.1696,-0.501361
17.1699,8.0115
17.1699,7.2422
17.2121,9.75091
17.2124,9.75088
17.2134,0.615074
17.2137,0.615074
17.2148,-0.484649
17.2151,8.02206
17.2151,7.25129
17.2154,8.02229
17.2621,9.74944
17.2634,0.615698
17.2648,-0.46608
17.2651,8.03374
17.2651,7.26137
17.2669,9.74929
17.2682,0.615751
17.2696,-0.464224
17.2699,8.03491
17.2699,7.26237
17.3121,9.74796
17.3134,0.616372
17.3148,-0.447515
17.3151,8.04539
17.3151,7.27142
17.3621,9.74649
17.3634,0.617096
17.3648,-0.428952
17.3651,8.057
17.3651,7.28146
17.3668,9.74634
17.3682,0.617156
17.3696,-0.427096
17.3699,8.05815
17.3699,7.28246
17.4121,9.74501
17.4124,9.74498
17.4134,0.61787
17.4137,0.61787
17.4148,-0.410393
17.4151,8.06856
17.4151,7.29147
17.4154,8.06879
17.4621,9.74354
17.4634,0.618693
17.4648,-0.391837
17.4651,8.08009
17.4651,7.30146
17.4669,9.74339
17.4682,0.618761
17.4696,-0.389982
17.4699,8.08124
17.4699,7.30245
17.5121,9.74206
17.5134,0.619566
17.5148,-0.373285
17.5151,8.09158
17.5151,7.31142
17.5621,9.74058
17.5634,0.620488
17.5648,-0.354738
17.5651,8.10304
17.5651,7.32137
17.5669,9.74043
17.5682,0.620564
17.5696,-0.352883
17.5699,8.10418
17.5699,7.32236
17.6121,9.73909
17.6124,9.73906
17.6134,0.62146
17.6137,0.62146
17.6148,-0.336195
17.6151,8.11445
17.6151,7.3313
17.6154,8.11468
17.6621,9.73761
17.6634,0.622481
17.6648,-0.317656
17.6651,8.12583
17.6651,7.3412
17.6669,9.73746
17.6682,0.622565
17.6696,-0.315803
17.6699,8.12696
17.6699,7.34219
17.7121,9.73612
17.7134,0.623552
17.7149,-0.299123
17.7152,8.13717
17.7152,7.35108
17.7621,9.73463
17.7634,0.624671
17.7649,-0.280596
17.7651,8.14847
17.7652,7.36094
17.7668,9.73449
17.7682,0.624763
17.7696,-0.278743
17.7699,8.1496
17.7699,7.36193
17.8121,9.73314
17.8124,9.73311
17.8134,0.62584
17.8137,0.62584
17.8148,-0.262075
17.8151,8.15973
17.8151,7.37078
17.8154,8.15996
17.8621,9.73165
17.8634,0.627057
17.8648,-0.243558
17.8651,8.17096
17.8651,7.3806
17.8669,9.7315
17.8682,0.627157
17.8696,-0.241708
17.8699,8.17208
17.8699,7.38158
17.9121,9.73016
17.9134,0.628324
17.9149,-0.22505
17.9152,8.18215
17.9152,7.3904
17.9621,9.72867
17.9634,0.629639
17.9649,-0.206547
17.9651,8.19331
17.9652,7.40017
17.9669,9.72852
17.9682,0.629747
17.9696,-0.204697
17.9699,8.19442
17.9699,7.40115
18.0121,9.72717
18.0124,9.72714
18.0134,0.631004
18.0137,0.631004
18.0149,-0.188052
18.0151,8.20442
18.0152,7.40993
18.0155,8.20465
18.0621,9.72567
18.0634,0.632416
18.0648,-0.169565
18.0651,8.21551
18.0651,7.41966
18.0668,9.72552
18.0682,0.632532
18.0696,-0.167716
18.0699,8.21661
18.0699,7.42063
18.1121,9.72398
18.1134,0.63375
18.1149,-0.150957
18.1152,8.22653
18.1152,7.42938
18.1621,9.72198
18.1634,0.634934
18.1649,-0.132271
18.1651,8.23749
18.1652,7.4391
18.1669,9.72178
18.1682,0.635029
18.1696,-0.130408
18.1699,8.23858
18.1699,7.44007
18.2121,9.71998
18.2124,9.71994
18.2134,0.636139
18.2137,0.636139
18.2149,-0.113698
18.2151,8.24841
18.2152,7.4488
18.2155,8.24862
18.2621,9.71798
18.2634,0.637366
18.2649,-0.0952387
18.2651,8.25929
18.2652,7.4585
18.2669,9.71778
18.2682,0.637465
18.2696,-0.0933985
18.2699,8.26037
18.2699,7.45947
18.3121,9.71597
18.3134,0.638614
18.3149,-0.0768893
18.3151,8.27014
18.3152,7.46819
18.3621,9.71397
18.3634,0.639883
18.3649,-0.0586512
18.3652,8.28094
18.3652,7.47787
18.3669,9.71377
18.3682,0.639985
18.3696,-0.0568331
18.3699,8.28202
18.3699,7.47884
18.4121,9.71196
18.4124,9.71192
18.4134,0.641173
18.4137,0.641173
18.4149,-0.0405224
18.4151,8.29172
18.4152,7.48754
18.4155,8.29193
18.4621,9.70995
18.4634,0.642485
18.4649,-0.0225018
18.4651,8.30246
18.4652,7.49721
18.4669,9.70975
18.4682,0.642591
18.4696,-0.0207054
18.4699,8.30353
18.4699,7.49818
18.5121,9.70794
18.5134,0.643818
18.5149,-0.00458733
18.5151,8.31316
18.5152,7.50687
18.5621,9.70593
18.5634,0.645172
18.5649,0.01322
18.5652,8.32382
18.5652,7.51652
18.5669,9.70573
18.5682,0.645281
18.5696,0.0149953
18.5699,8.32489
18.5699,7.51748
18.6121,9.70392
18.6125,9.70388
18.6134,0.646547
18.6138,0.646547
18.6149,0.0309223
18.6152,8.33445
18.6152,7.52616
18.6155,8.33467
18.6621,9.70191
18.6634,0.647943
18.6649,0.0485204
18.6651,8.34505
18.6652,7.53579
18.6669,9.7017
18.6682,0.648055
18.6696,0.0502748
18.6699,8.34611
18.6699,7.53675
18.7121,9.69989
18.7134,0.649359
18.7149,0.0660164
18.7151,8.35561
18.7152,7.54541
18.7621,9.69788
18.7634,0.650797
18.7649,0.0834093
18.7652,8.36614
18.7652,7.55503
18.7669,9.69767
18.7682,0.650913
18.7696,0.0851433
18.7699,8.36719
18.77,7.55599
18.8121,9.69586
18.8125,9.69582
18.8134,0.652256
18.8138,0.652256
18.8149,0.100701
18.8152,8.37663
18.8152,7.56463
18.8152,0.100701
18.8155,8.37684
18.8155,7.56483
18.8621,9.69384
18.8635,0.653736
18.8649,0.117892
18.8652,8.38708
18.8652,7.57423
18.8669,9.69364
18.8682,0.653855
18.8696,0.119606
18.8699,8.38813
18.8699,7.57519
18.9121,9.69182
18.9135,0.655236
18.9149,0.134986
18.9152,8.39751
18.9152,7.58382
18.9621,9.6898
18.9634,0.656758
18.9649,0.151979
18.9652,8.40789
18.9652,7.5934
18.9669,9.6896
18.9682,0.65688
18.9696,0.153673
18.9699,8.40893
18.9699,7.59436
19.0121,9.68778
19.0125,9.68774
19.0134,0.658299
19.0138,0.658299
19.0149,0.168875
19.0152,8.41825
19.0152,7.60298
19.0155,8.41845
19.0621,9.68575
19.0634,0.659862
19.0649,0.185675
19.0652,8.42857
19.0652,7.61254
19.0669,9.68555
19.0682,0.659988
19.0696,0.18735
19.0699,8.4296
19.07,7.6135
19.1121,9.68373
19.1135,0.661445
19.1149,0.20238
19.1152,8.43886
19.1152,7.6221
19.1621,9.6817
19.1634,0.663049
19.1649,0.218989
19.1652,8.44911
19.1652,7.63165
19.1669,9.6815
19.1682,0.663178
19.1696,0.220645
19.1699,8.45013
19.1699,7.6326
19.2121,9.67967
19.2125,9.67963
19.2134,0.664674
19.2138,0.664674
19.2149,0.235504
19.2152,8.45933
19.2152,7.64119
19.2155,8.45953
19.2621,9.67765
19.2634,0.666318
19.2649,0.251925
19.2652,8.46952
19.2652,7.65072
19.2669,9.67744
19.2682,0.666451
19.2696,0.253563
19.2699,8.47054
19.2699,7.65167
19.3121,9.67562
19.3134,0.667984
19.3149,0.268256
19.3152,8.47967
19.3152,7.66025
19.3621,9.67358
19.3634,0.66967
19.3649,0.284494
19.3652,8.4898
19.3652,7.66976
19.3669,9.67338
19.3682,0.669805
19.3696,0.286113
19.3699,8.49081
19.3699,7.67071
19.4121,9.67155
19.4125,9.67151
19.4134,0.671376
19.4138,0.671376
19.4149,0.300641
19.4152,8.49989
19.4152,7.67927
19.4155,8.50009
19.4622,9.66952
19.4635,0.673102
19.4649,0.316698
19.4652,8.50994
19.4652,7.68877
19.4669,9.66931
19.4682,0.673241
19.4696,0.318299
19.4699,8.51095
19.4699,7.68972
19.5121,9.66748
19.5134,0.674849
19.5149,0.332667
19.5152,8.51997
19.5152,7.69826
19.5621,9.66545
19.5634,0.676616
19.5649,0.348547
19.5652,8.52996
19.5652,7.70774
19.5669,9.66524
19.5682,0.676758
19.5696,0.350131
19.5699,8.53096
19.5699,7.70869
19.6121,9.66341
19.6125,9.66337
19.6134,0.678403
19.6138,0.678403
19.6149,0.364339
19.6152,8.53993
19.6152,7.71721
19.6155,8.54012
19.6622,9.66137
19.6635,0.68021
19.6649,0.380045
19.6652,8.54986
19.6652,7.72668
19.6669,9.66117
19.6682,0.680355
19.6696,0.381611
19.6699,8.55085
19.6699,7.72762
19.7122,9.65933
19.7135,0.682037
19.7149,0.395665
19.7152,8.55976
19.7152,7.73613
19.7622,9.65729
19.7635,0.683885
19.7649,0.411199
19.7652,8.56962
19.7652,7.74558
19.7669,9.65708
19.7682,0.684033
19.7696,0.412747
19.7699,8.57061
19.7699,7.74653
19.8121,9.65525
19.8125,9.65521
19.8134,0.685752
19.8138,0.685752
19.8149,0.426648
19.8152,8.57946
19.8152,7.75502
19.8155,8.57966
19.8622,9.6532
19.8635,0.687639
19.8649,0.442013
19.8652,8.58927
19.8652,7.76445
19.8669,9.653
19.8682,0.687791
19.8696,0.443545
19.8699,8.59025
19.8699,7.7654
19.9122,9.65116
19.9135,0.689546
19.9149,0.457295
19.9152,8.59904
19.9152,7.77388
19.9622,9.64911
19.9635,0.691473
19.9649,0.472496
19.9652,8.60879
19.9652,7.78329
19.9669,9.64891
19.9682,0.691628
19.9696,0.474011
19.9699,8.60976
19.9699,7.78423
